Subfolder,File,Accuracy,Precision (macro),Recall (macro),F1 Score (macro),F1 Score (weighted)
base_model_BPE_de,bigger_number.csv,0.46,0.3493265993265993,0.3340628507295174,0.3248316498316498,0.47274999999999995
base_model_BPE_de,first_alphabetically.csv,0.5183333333333333,0.5211045580311635,0.4723114041921381,0.4333420546913169,0.5592816875664331
base_model_BPE_de,first_alphabetically_consecutive_first_letter.csv,0.49833333333333335,0.42428087986463625,0.2983502538071066,0.3353123329011654,0.5774096921596921
base_model_BPE_de,first_alphabetically_different_first_letter.csv,0.39,0.4909090909090909,0.2015904141906816,0.272772444475702,0.534789012989299
base_model_BPE_de,first_alphabetically_far_first_letter.csv,0.47333333333333333,0.5,0.23779307813398723,0.3107698927868655,0.6198050369179503
base_model_BPE_de,first_alphabetically_same_first_letter.csv,0.48833333333333334,0.40078431372549017,0.38058823529411767,0.36402987861811387,0.5020436507936508
base_model_BPE_de,first_letter.csv,0.06166666666666667,0.049317012542663234,0.08359693336966066,0.05431840243337569,0.04096880906659253
base_model_BPE_de,first_word.csv,0.0,0.0,0.0,0.0,0.0
base_model_BPE_de,last_letter.csv,0.17,0.18542455059834737,0.22723007214067542,0.14368211035280895,0.16684385106767402
base_model_BPE_de,last_word.csv,0.03666666666666667,0.03130801687763713,0.02584488647779787,0.024070113827956423,0.0414626178974005
base_model_BPE_de,less_letters.csv,0.46166666666666667,0.4498483208710482,0.2866214135933387,0.32727090696420047,0.5470438792604125
base_model_BPE_de,less_letters_length_diff_1.csv,0.48,0.46047839506172844,0.45446208112874775,0.41069929344439143,0.473196959086665
base_model_BPE_de,less_letters_length_diff_3plus.csv,0.47,0.45714285714285713,0.22167973191607648,0.28706737945516475,0.6105503676748977
base_model_BPE_de,more_letters.csv,0.49833333333333335,0.5494637937819756,0.42986577816123267,0.42823094189598615,0.5489248885901195
base_model_BPE_de,more_letters_length_diff_1.csv,0.5066666666666667,0.4901909051909052,0.4765379665379666,0.4471333471333471,0.49878392903392904
base_model_BPE_de,more_letters_length_diff_3plus.csv,0.51,0.5070422535211268,0.28950700121474765,0.35667199732683974,0.6514315894373944
base_model_BPE_de,smaller_number.csv,0.59,0.4683244523386619,0.43552397868561277,0.43746511037807656,0.6147738095238094
base_model_BPE_de,word_after.csv,0.09833333333333333,0.04654812520778456,0.060173734590644214,0.04822254195432039,0.08888287638287636
base_model_BPE_de,word_before.csv,0.10833333333333334,0.05308066509674144,0.08094954014320964,0.05895767751611065,0.08401819857528556
base_model_de,bigger_number.csv,0.385,0.2822151224707135,0.25990415335463257,0.2540963030579644,0.401484126984127
base_model_de,first_alphabetically.csv,0.5516666666666666,0.5274123939261554,0.4968992780919386,0.4552130319508966,0.5858524387205502
base_model_de,first_alphabetically_consecutive_first_letter.csv,0.47833333333333333,0.4138673557278208,0.2894487510766581,0.32518559534063407,0.5549933862433862
base_model_de,first_alphabetically_different_first_letter.csv,0.5666666666666667,0.4774774774774775,0.2759283362224539,0.3382799503959822,0.690804740071926
base_model_de,first_alphabetically_far_first_letter.csv,0.61,0.4909090909090909,0.30875860250860254,0.3734675075372526,0.7406456461395966
base_model_de,first_alphabetically_same_first_letter.csv,0.4683333333333333,0.4167449139280125,0.3548904538341158,0.3537391012743125,0.5092182539682539
base_model_de,first_letter.csv,0.07166666666666667,0.041378323068209544,0.08247712781046115,0.04661747267728681,0.04837960005309972
base_model_de,first_word.csv,0.0,0.0,0.0,0.0,0.0
base_model_de,last_letter.csv,0.185,0.1634836620592131,0.231218049488233,0.13111027573907424,0.19865564067588137
base_model_de,last_word.csv,0.03833333333333333,0.02318861867734048,0.029599793133627716,0.020551913972966605,0.03174252136752137
base_model_de,less_letters.csv,0.45666666666666667,0.40365226103862467,0.272096490111196,0.3069870188019578,0.533398750293992
base_model_de,less_letters_length_diff_1.csv,0.4866666666666667,0.4452380952380952,0.4372165532879819,0.4017880800197168,0.4812278759252443
base_model_de,less_letters_length_diff_3plus.csv,0.4633333333333333,0.43795620437956206,0.21719256603327022,0.2797120390450485,0.596862473139176
base_model_de,more_letters.csv,0.5283333333333333,0.5276159785488144,0.43174004685198714,0.43206528728165894,0.5794707818984134
base_model_de,more_letters_length_diff_1.csv,0.5033333333333333,0.5163547237076649,0.468742042271454,0.4535087313162179,0.504553391053391
base_model_de,more_letters_length_diff_3plus.csv,0.53,0.4857142857142857,0.2810721619650191,0.3451347008081475,0.6555223775373359
base_model_de,smaller_number.csv,0.6083333333333333,0.46190476190476193,0.44107142857142856,0.43865646258503393,0.6263174603174603
base_model_de,word_after.csv,0.10333333333333333,0.05703067803340036,0.06231834098213408,0.05445676327236185,0.09330017888572492
base_model_de,word_before.csv,0.10666666666666667,0.045401299720045286,0.07898306908240506,0.0529215153725597,0.07596973701968722
full_data_train_BPE_de,bigger_number.csv,0.49666666666666665,0.3627926421404682,0.3478539576365663,0.34008998248128675,0.5088611111111111
full_data_train_BPE_de,first_alphabetically.csv,0.7,0.5952771519910057,0.6153049183423015,0.5542970380282353,0.7005188991043912
full_data_train_BPE_de,first_alphabetically_consecutive_first_letter.csv,0.7016666666666667,0.5616560056858564,0.46671641791044777,0.4953750726885055,0.7562330447330448
full_data_train_BPE_de,first_alphabetically_different_first_letter.csv,0.8333333333333334,0.6395348837209303,0.5292372679000585,0.57215845183951,0.8980477872975966
full_data_train_BPE_de,first_alphabetically_far_first_letter.csv,0.8383333333333334,0.6206896551724138,0.5248974205870758,0.560753035476073,0.8941233119742811
full_data_train_BPE_de,first_alphabetically_same_first_letter.csv,0.5666666666666667,0.4559405940594059,0.4345709570957096,0.41740816938836744,0.580719215969216
full_data_train_BPE_de,first_letter.csv,0.14,0.14440392197723909,0.20769460337642157,0.1497792073508288,0.10680846439425466
full_data_train_BPE_de,first_word.csv,0.0,0.0,0.0,0.0,0.0
full_data_train_BPE_de,last_letter.csv,0.31666666666666665,0.2253139837045136,0.24617531177726448,0.18057718861274955,0.30643236792418244
full_data_train_BPE_de,last_word.csv,0.14333333333333334,0.09202207939452837,0.0994290573372206,0.08996155960441676,0.14273478373478374
full_data_train_BPE_de,less_letters.csv,0.5383333333333333,0.49150719615615257,0.33219101555202124,0.36539778556701663,0.6065966803325499
full_data_train_BPE_de,less_letters_length_diff_1.csv,0.48833333333333334,0.44814174773852194,0.46152500426693976,0.40986052477987955,0.4649833638583639
full_data_train_BPE_de,less_letters_length_diff_3plus.csv,0.565,0.45925925925925926,0.2713071605228468,0.32164901528540474,0.6697461200209376
full_data_train_BPE_de,more_letters.csv,0.5816666666666667,0.5828838156594061,0.480299730890282,0.466037982151521,0.6185118101563114
full_data_train_BPE_de,more_letters_length_diff_1.csv,0.5266666666666666,0.5188177638997312,0.49841269841269836,0.45957990097334356,0.5117552123802123
full_data_train_BPE_de,more_letters_length_diff_3plus.csv,0.5683333333333334,0.5255474452554745,0.32932693826854403,0.3828829093623699,0.6753769470365514
full_data_train_BPE_de,smaller_number.csv,0.6733333333333333,0.5482881136950903,0.5364341085271318,0.527162544604405,0.6837698412698413
full_data_train_BPE_de,word_after.csv,0.11,0.06032205031044871,0.08570803578221975,0.06276730090189506,0.08719876140334544
full_data_train_BPE_de,word_before.csv,0.09333333333333334,0.0490675719162377,0.07601065348720933,0.054112973062801835,0.06839950000019729
full_data_train_de,bigger_number.csv,0.83,0.7245649263721553,0.7063253012048193,0.7074775291642762,0.8400476190476192
full_data_train_de,first_alphabetically.csv,0.9016666666666666,0.8318014128728414,0.8335892943035801,0.8156080008587545,0.9044458324010973
full_data_train_de,first_alphabetically_consecutive_first_letter.csv,0.995,0.9904347826086957,0.9878985507246377,0.9888474810213941,0.9963809523809524
full_data_train_de,first_alphabetically_different_first_letter.csv,0.9716666666666667,0.9473684210526315,0.9461152882205515,0.9467186484730344,0.9724691358024692
full_data_train_de,first_alphabetically_far_first_letter.csv,0.9733333333333334,0.8852459016393442,0.8786814278617556,0.8817761235719642,0.9764902862815749
full_data_train_de,first_alphabetically_same_first_letter.csv,0.8683333333333333,0.7933706816059756,0.7785247432306256,0.7730524533045541,0.8767708032708034
full_data_train_de,first_letter.csv,0.34833333333333333,0.21015403814836553,0.44387464387464387,0.2642938509397836,0.23310275857006635
full_data_train_de,first_word.csv,0.0,0.0,0.0,0.0,0.0
full_data_train_de,last_letter.csv,0.3466666666666667,0.18055972629564873,0.15619991100241964,0.15875422086069774,0.3476257701660956
full_data_train_de,last_word.csv,0.105,0.07604788037858903,0.06782902137232845,0.06630428737885893,0.11034516028633674
full_data_train_de,less_letters.csv,0.505,0.4508873912283003,0.2939109625272727,0.3421749717857569,0.5941591559273549
full_data_train_de,less_letters_length_diff_1.csv,0.5016666666666667,0.4852914389799636,0.4626788966952901,0.43657383903285535,0.5119035594035594
full_data_train_de,less_letters_length_diff_3plus.csv,0.565,0.4852941176470588,0.2747704969482651,0.34230322165410765,0.7073130342209483
full_data_train_de,more_letters.csv,0.5883333333333334,0.5754067864142491,0.4740249385771775,0.4828738579628096,0.6474364476253021
full_data_train_de,more_letters_length_diff_1.csv,0.5033333333333333,0.4981012118108892,0.4688620071684588,0.45448479238801814,0.5089896492396493
full_data_train_de,more_letters_length_diff_3plus.csv,0.5916666666666667,0.5106382978723404,0.32247982513939966,0.38458385002692397,0.7212793763472186
full_data_train_de,smaller_number.csv,0.7866666666666666,0.6569611780455153,0.6499330655957162,0.6425989672977626,0.7901825396825397
full_data_train_de,word_after.csv,0.11833333333333333,0.06048345837400438,0.07184101428287475,0.06177829051873374,0.10527135532392208
full_data_train_de,word_before.csv,0.11,0.06615602043823135,0.07669475260335402,0.0668688890669085,0.09718343231788817
task_data_train_BPE_de,bigger_number.csv,0.7466666666666667,0.6170483460559796,0.6033715012722646,0.5995456197746275,0.7533333333333332
task_data_train_BPE_de,first_alphabetically.csv,0.725,0.6200890673112895,0.6235058922558923,0.5791897246667341,0.7296966679366576
task_data_train_BPE_de,first_alphabetically_consecutive_first_letter.csv,0.7866666666666666,0.6616333178222429,0.5774158523344192,0.6044963360924273,0.8322683982683983
task_data_train_BPE_de,first_alphabetically_different_first_letter.csv,0.9083333333333333,0.6707317073170732,0.6105223536625976,0.6346439170728129,0.9446992097086104
task_data_train_BPE_de,first_alphabetically_far_first_letter.csv,0.9183333333333333,0.7236842105263158,0.661605280684228,0.6888328162898824,0.9541274491619849
task_data_train_BPE_de,first_alphabetically_same_first_letter.csv,0.6183333333333333,0.49478114478114477,0.49158249158249157,0.468409200227382,0.6241517556517556
task_data_train_BPE_de,first_letter.csv,0.18833333333333332,0.16911614533085664,0.28290224926588564,0.18462104960132245,0.13335728091663357
task_data_train_BPE_de,first_word.csv,0.0,0.0,0.0,0.0,0.0
task_data_train_BPE_de,last_letter.csv,0.3616666666666667,0.24337611422387007,0.2506201305688481,0.2242944873174411,0.3849766813731218
task_data_train_BPE_de,last_word.csv,0.16833333333333333,0.09621031746031745,0.10714082214082213,0.09384051460522048,0.15696135161135163
task_data_train_BPE_de,less_letters.csv,0.7033333333333334,0.5562395027558962,0.445370322648529,0.47087319101681313,0.7589999029124712
task_data_train_BPE_de,less_letters_length_diff_1.csv,0.53,0.4711325611325612,0.4950750750750751,0.43753705753705757,0.507637654012654
task_data_train_BPE_de,less_letters_length_diff_3plus.csv,0.8616666666666667,0.66,0.5657062594268476,0.6022193882491402,0.9166647025048256
task_data_train_BPE_de,more_letters.csv,0.76,0.641877353415815,0.6038292263292264,0.5888410521763702,0.771343992694612
task_data_train_BPE_de,more_letters_length_diff_1.csv,0.555,0.5033872665088135,0.5241383846356222,0.47130257349626864,0.5302242958566488
task_data_train_BPE_de,more_letters_length_diff_3plus.csv,0.8433333333333334,0.6302521008403361,0.5435959698564741,0.5715021562682492,0.8914555596285777
task_data_train_BPE_de,smaller_number.csv,0.7833333333333333,0.6504439890710383,0.6508879781420764,0.6401899557637263,0.7840264550264551
task_data_train_BPE_de,word_after.csv,0.11333333333333333,0.044297536280190446,0.07259764397338363,0.049663097902243256,0.08683220358714965
task_data_train_BPE_de,word_before.csv,0.09666666666666666,0.05961025801749784,0.08526743700263276,0.062015014588076206,0.07637806757267174
task_data_train_de,bigger_number.csv,0.905,0.8365180467091295,0.8197098372257609,0.8230512587200485,0.9153253968253968
task_data_train_de,first_alphabetically.csv,0.855,0.7868929812326039,0.8110508726074764,0.7798845616343083,0.8572609903081984
task_data_train_de,first_alphabetically_consecutive_first_letter.csv,0.9983333333333333,0.9956331877729258,0.9945414847161572,0.9950093574547724,0.9990476190476191
task_data_train_de,first_alphabetically_different_first_letter.csv,0.9733333333333334,0.9642857142857143,0.9642857142857143,0.9642857142857143,0.9733333333333334
task_data_train_de,first_alphabetically_far_first_letter.csv,0.98,0.9642857142857143,0.9642857142857143,0.9642857142857143,0.98
task_data_train_de,first_alphabetically_same_first_letter.csv,0.865,0.7888571428571429,0.7879047619047619,0.7766734693877552,0.8681058201058202
task_data_train_de,first_letter.csv,0.35,0.19124978137365858,0.4444444444444444,0.251707635976888,0.21078431985900345
task_data_train_de,first_word.csv,0.0,0.0,0.0,0.0,0.0
task_data_train_de,last_letter.csv,0.5766666666666667,0.3485074019326119,0.30006646047934615,0.30570009684262694,0.5564504474182751
task_data_train_de,last_word.csv,0.24,0.1562460855206969,0.17439550949913643,0.15937182990515134,0.22942316527661358
task_data_train_de,less_letters.csv,0.7133333333333334,0.557171162450197,0.46409393355094714,0.4957911443379163,0.7671562710822553
task_data_train_de,less_letters_length_diff_1.csv,0.545,0.5230809263596148,0.515951079885506,0.4764566195617304,0.5420499380793499
task_data_train_de,less_letters_length_diff_3plus.csv,0.8266666666666667,0.6310679611650486,0.5300142406296033,0.5691758142829841,0.8921045768641055
task_data_train_de,more_letters.csv,0.7833333333333333,0.7119551337551338,0.6708661116661114,0.6637459214003568,0.8054910932259836
task_data_train_de,more_letters_length_diff_1.csv,0.5833333333333334,0.5700073326432021,0.5555965320910974,0.5312008341899646,0.5804770322270323
task_data_train_de,more_letters_length_diff_3plus.csv,0.94,0.7731958762886598,0.7423982088930543,0.756038259401063,0.9635975895105927
task_data_train_de,smaller_number.csv,0.8616666666666667,0.7569742489270386,0.7628755364806867,0.7529838544860004,0.8567857142857143
task_data_train_de,word_after.csv,0.13666666666666666,0.06827920266247874,0.08463868478661378,0.06871111127409724,0.11689810644742091
task_data_train_de,word_before.csv,0.09666666666666666,0.06440436551383297,0.08208366644159407,0.06556020474225735,0.07976140973247935
