Input,Options,Expected,Predicted
"F: Von den Zahlen 117 und 552, welche ist größer? A:","['117', '552']",552,552
"F: Von den Zahlen 707 und 918, welche ist größer? A:","['707', '918']",918,918
"F: Von den Zahlen 181 und 41, welche ist größer? A:","['181', '41']",181,41
"F: Welche Zahl ist größer, 540 oder 444? A:","['540', '444']",540,540
Gib von den Zahlen 549 und 234 die größere an: ,"['549', '234']",549,549
"F: Von den Zahlen 157 und 504, welche ist größer? A:","['157', '504']",504,504
"F: Von den Zahlen 616 und 193, welche ist größer? A:","['616', '193']",616,616
Gib von den Zahlen 264 und 107 die größere an: ,"['264', '107']",264,264
"F: Welche Zahl ist größer, 270 oder 846? A:","['270', '846']",846,846
Gib von den Zahlen 199 und 523 die größere an: ,"['199', '523']",523,523
Gib von den Zahlen 176 und 270 die größere an: ,"['176', '270']",270,270
"F: Welche Zahl ist größer, 726 oder 838? A:","['726', '838']",838,838
"F: Welche Zahl ist größer, 876 oder 134? A:","['876', '134']",876,876
"F: Von den Zahlen 691 und 565, welche ist größer? A:","['691', '565']",691,565
Gib von den Zahlen 82 und 605 die größere an: ,"['82', '605']",605,82
"F: Welche Zahl ist größer, 709 oder 297? A:","['709', '297']",709,709
"F: Von den Zahlen 192 und 531, welche ist größer? A:","['192', '531']",531,192
"F: Welche Zahl ist größer, 950 oder 356? A:","['950', '356']",950,950
Gib von den Zahlen 900 und 752 die größere an: ,"['900', '752']",900,900
Gib von den Zahlen 126 und 256 die größere an: ,"['126', '256']",256,256
"F: Welche Zahl ist größer, 152 oder 332? A:","['152', '332']",332,332
"F: Welche Zahl ist größer, 560 oder 969? A:","['560', '969']",969,969
"F: Welche Zahl ist größer, 356 oder 553? A:","['356', '553']",553,553
Gib von den Zahlen 69 und 594 die größere an: ,"['69', '594']",594,594
"F: Von den Zahlen 274 und 532, welche ist größer? A:","['274', '532']",532,532
Gib von den Zahlen 827 und 667 die größere an: ,"['827', '667']",827,827
Gib von den Zahlen 912 und 591 die größere an: ,"['912', '591']",912,591
"F: Von den Zahlen 526 und 722, welche ist größer? A:","['526', '722']",722,722
"F: Welche Zahl ist größer, 459 oder 745? A:","['459', '745']",745,745
"F: Von den Zahlen 437 und 86, welche ist größer? A:","['437', '86']",437,86
"F: Von den Zahlen 381 und 496, welche ist größer? A:","['381', '496']",496,496
"F: Von den Zahlen 438 und 338, welche ist größer? A:","['438', '338']",438,438
"F: Welche Zahl ist größer, 81 oder 739? A:","['81', '739']",739,739
Gib von den Zahlen 53 und 619 die größere an: ,"['53', '619']",619,53
"F: Welche Zahl ist größer, 466 oder 912? A:","['466', '912']",912,912
"F: Welche Zahl ist größer, 592 oder 363? A:","['592', '363']",592,592
Gib von den Zahlen 589 und 130 die größere an: ,"['589', '130']",589,589
"F: Welche Zahl ist größer, 811 oder 843? A:","['811', '843']",843,843
"F: Welche Zahl ist größer, 168 oder 242? A:","['168', '242']",242,242
"F: Von den Zahlen 899 und 830, welche ist größer? A:","['899', '830']",899,830
"F: Welche Zahl ist größer, 31 oder 47? A:","['31', '47']",47,47
"F: Welche Zahl ist größer, 645 oder 140? A:","['645', '140']",645,645
"F: Welche Zahl ist größer, 532 oder 958? A:","['532', '958']",958,958
"F: Welche Zahl ist größer, 642 oder 907? A:","['642', '907']",907,907
"F: Von den Zahlen 224 und 970, welche ist größer? A:","['224', '970']",970,970
"F: Von den Zahlen 701 und 421, welche ist größer? A:","['701', '421']",701,421
Gib von den Zahlen 409 und 213 die größere an: ,"['409', '213']",409,409
"F: Welche Zahl ist größer, 636 oder 582? A:","['636', '582']",636,582
Gib von den Zahlen 245 und 869 die größere an: ,"['245', '869']",869,869
"F: Von den Zahlen 447 und 46, welche ist größer? A:","['447', '46']",447,447
"F: Von den Zahlen 397 und 786, welche ist größer? A:","['397', '786']",786,786
Gib von den Zahlen 864 und 876 die größere an: ,"['864', '876']",876,864
"F: Welche Zahl ist größer, 778 oder 423? A:","['778', '423']",778,778
Gib von den Zahlen 274 und 976 die größere an: ,"['274', '976']",976,976
"F: Welche Zahl ist größer, 173 oder 348? A:","['173', '348']",348,348
Gib von den Zahlen 785 und 882 die größere an: ,"['785', '882']",882,882
"F: Von den Zahlen 730 und 461, welche ist größer? A:","['730', '461']",730,461
"F: Welche Zahl ist größer, 534 oder 750? A:","['534', '750']",750,750
Gib von den Zahlen 229 und 108 die größere an: ,"['229', '108']",229,229
"F: Von den Zahlen 367 und 570, welche ist größer? A:","['367', '570']",570,570
"F: Welche Zahl ist größer, 443 oder 622? A:","['443', '622']",622,622
"F: Welche Zahl ist größer, 195 oder 301? A:","['195', '301']",301,301
"F: Welche Zahl ist größer, 815 oder 399? A:","['815', '399']",815,815
"F: Welche Zahl ist größer, 169 oder 695? A:","['169', '695']",695,695
"F: Welche Zahl ist größer, 367 oder 363? A:","['367', '363']",367,363
"F: Von den Zahlen 678 und 184, welche ist größer? A:","['678', '184']",678,678
"F: Von den Zahlen 648 und 885, welche ist größer? A:","['648', '885']",885,885
"F: Von den Zahlen 5 und 977, welche ist größer? A:","['5', '977']",977,977
"F: Von den Zahlen 832 und 31, welche ist größer? A:","['832', '31']",832,832
"F: Welche Zahl ist größer, 497 oder 42? A:","['497', '42']",497,497
"F: Von den Zahlen 330 und 570, welche ist größer? A:","['330', '570']",570,330
Gib von den Zahlen 642 und 56 die größere an: ,"['642', '56']",642,56
Gib von den Zahlen 852 und 700 die größere an: ,"['852', '700']",852,852
"F: Von den Zahlen 768 und 423, welche ist größer? A:","['768', '423']",768,768
"F: Welche Zahl ist größer, 52 oder 469? A:","['52', '469']",469,469
"F: Welche Zahl ist größer, 199 oder 989? A:","['199', '989']",989,989
Gib von den Zahlen 751 und 546 die größere an: ,"['751', '546']",751,546
Gib von den Zahlen 750 und 588 die größere an: ,"['750', '588']",750,588
Gib von den Zahlen 298 und 960 die größere an: ,"['298', '960']",960,960
Gib von den Zahlen 907 und 544 die größere an: ,"['907', '544']",907,907
"F: Von den Zahlen 339 und 215, welche ist größer? A:","['339', '215']",339,215
"F: Von den Zahlen 92 und 246, welche ist größer? A:","['92', '246']",246,92
"F: Welche Zahl ist größer, 430 oder 837? A:","['430', '837']",837,837
"F: Von den Zahlen 535 und 140, welche ist größer? A:","['535', '140']",535,535
Gib von den Zahlen 150 und 232 die größere an: ,"['150', '232']",232,232
"F: Welche Zahl ist größer, 42 oder 605? A:","['42', '605']",605,605
Gib von den Zahlen 458 und 704 die größere an: ,"['458', '704']",704,704
"F: Von den Zahlen 447 und 737, welche ist größer? A:","['447', '737']",737,737
Gib von den Zahlen 674 und 81 die größere an: ,"['674', '81']",674,81
Gib von den Zahlen 857 und 213 die größere an: ,"['857', '213']",857,857
"F: Welche Zahl ist größer, 988 oder 624? A:","['988', '624']",988,988
"F: Von den Zahlen 330 und 535, welche ist größer? A:","['330', '535']",535,535
Gib von den Zahlen 233 und 543 die größere an: ,"['233', '543']",543,543
"F: Von den Zahlen 513 und 2, welche ist größer? A:","['513', '2']",513,513
"F: Von den Zahlen 618 und 63, welche ist größer? A:","['618', '63']",618,63
"F: Welche Zahl ist größer, 420 oder 74? A:","['420', '74']",420,74
Gib von den Zahlen 137 und 814 die größere an: ,"['137', '814']",814,814
Gib von den Zahlen 147 und 799 die größere an: ,"['147', '799']",799,799
"F: Welche Zahl ist größer, 76 oder 411? A:","['76', '411']",411,411
"F: Von den Zahlen 319 und 713, welche ist größer? A:","['319', '713']",713,713
Gib von den Zahlen 532 und 193 die größere an: ,"['532', '193']",532,532
"F: Welche Zahl ist größer, 559 oder 632? A:","['559', '632']",632,632
"F: Welche Zahl ist größer, 751 oder 513? A:","['751', '513']",751,751
"F: Von den Zahlen 289 und 452, welche ist größer? A:","['289', '452']",452,452
"F: Von den Zahlen 981 und 660, welche ist größer? A:","['981', '660']",981,981
"F: Welche Zahl ist größer, 599 oder 197? A:","['599', '197']",599,599
"F: Von den Zahlen 75 und 177, welche ist größer? A:","['75', '177']",177,75
"F: Welche Zahl ist größer, 981 oder 460? A:","['981', '460']",981,981
"F: Welche Zahl ist größer, 335 oder 237? A:","['335', '237']",335,335
"F: Von den Zahlen 614 und 514, welche ist größer? A:","['614', '514']",614,514
Gib von den Zahlen 317 und 540 die größere an: ,"['317', '540']",540,317
"F: Welche Zahl ist größer, 725 oder 636? A:","['725', '636']",725,636
Gib von den Zahlen 513 und 950 die größere an: ,"['513', '950']",950,950
Gib von den Zahlen 220 und 26 die größere an: ,"['220', '26']",220,26
"F: Welche Zahl ist größer, 833 oder 214? A:","['833', '214']",833,833
Gib von den Zahlen 559 und 666 die größere an: ,"['559', '666']",666,559
"F: Welche Zahl ist größer, 915 oder 948? A:","['915', '948']",948,948
"F: Welche Zahl ist größer, 373 oder 482? A:","['373', '482']",482,482
"F: Von den Zahlen 589 und 696, welche ist größer? A:","['589', '696']",696,696
"F: Von den Zahlen 39 und 188, welche ist größer? A:","['39', '188']",188,188
Gib von den Zahlen 260 und 706 die größere an: ,"['260', '706']",706,706
"F: Von den Zahlen 170 und 193, welche ist größer? A:","['170', '193']",193,170
"F: Welche Zahl ist größer, 260 oder 650? A:","['260', '650']",650,650
"F: Von den Zahlen 526 und 27, welche ist größer? A:","['526', '27']",526,526
"F: Von den Zahlen 550 und 429, welche ist größer? A:","['550', '429']",550,550
Gib von den Zahlen 991 und 742 die größere an: ,"['991', '742']",991,991
"F: Von den Zahlen 226 und 882, welche ist größer? A:","['226', '882']",882,882
"F: Welche Zahl ist größer, 790 oder 344? A:","['790', '344']",790,790
"F: Welche Zahl ist größer, 727 oder 453? A:","['727', '453']",727,727
"F: Welche Zahl ist größer, 510 oder 856? A:","['510', '856']",856,856
Gib von den Zahlen 899 und 823 die größere an: ,"['899', '823']",899,823
"F: Von den Zahlen 406 und 934, welche ist größer? A:","['406', '934']",934,934
"F: Von den Zahlen 961 und 99, welche ist größer? A:","['961', '99']",961,99
"F: Von den Zahlen 477 und 861, welche ist größer? A:","['477', '861']",861,861
"F: Welche Zahl ist größer, 262 oder 96? A:","['262', '96']",262,96
"F: Welche Zahl ist größer, 914 oder 792? A:","['914', '792']",914,914
"F: Welche Zahl ist größer, 419 oder 272? A:","['419', '272']",419,419
"F: Von den Zahlen 21 und 744, welche ist größer? A:","['21', '744']",744,744
"F: Von den Zahlen 567 und 932, welche ist größer? A:","['567', '932']",932,932
Gib von den Zahlen 461 und 91 die größere an: ,"['461', '91']",461,91
Gib von den Zahlen 638 und 433 die größere an: ,"['638', '433']",638,433
"F: Von den Zahlen 950 und 559, welche ist größer? A:","['950', '559']",950,559
Gib von den Zahlen 272 und 341 die größere an: ,"['272', '341']",341,272
Gib von den Zahlen 981 und 135 die größere an: ,"['981', '135']",981,135
Gib von den Zahlen 203 und 744 die größere an: ,"['203', '744']",744,744
"F: Welche Zahl ist größer, 720 oder 416? A:","['720', '416']",720,720
Gib von den Zahlen 625 und 850 die größere an: ,"['625', '850']",850,625
Gib von den Zahlen 946 und 402 die größere an: ,"['946', '402']",946,946
Gib von den Zahlen 650 und 733 die größere an: ,"['650', '733']",733,650
"F: Welche Zahl ist größer, 48 oder 105? A:","['48', '105']",105,48
"F: Von den Zahlen 623 und 187, welche ist größer? A:","['623', '187']",623,187
Gib von den Zahlen 268 und 729 die größere an: ,"['268', '729']",729,729
"F: Welche Zahl ist größer, 361 oder 966? A:","['361', '966']",966,966
Gib von den Zahlen 816 und 17 die größere an: ,"['816', '17']",816,816
"F: Welche Zahl ist größer, 583 oder 790? A:","['583', '790']",790,790
"F: Von den Zahlen 368 und 719, welche ist größer? A:","['368', '719']",719,719
"F: Welche Zahl ist größer, 530 oder 252? A:","['530', '252']",530,530
Gib von den Zahlen 681 und 968 die größere an: ,"['681', '968']",968,968
"F: Von den Zahlen 586 und 591, welche ist größer? A:","['586', '591']",591,586
Gib von den Zahlen 750 und 785 die größere an: ,"['750', '785']",785,750
"F: Von den Zahlen 373 und 520, welche ist größer? A:","['373', '520']",520,520
"F: Von den Zahlen 654 und 631, welche ist größer? A:","['654', '631']",654,654
"F: Welche Zahl ist größer, 969 oder 93? A:","['969', '93']",969,93
"F: Welche Zahl ist größer, 873 oder 262? A:","['873', '262']",873,873
"F: Von den Zahlen 893 und 542, welche ist größer? A:","['893', '542']",893,893
"F: Von den Zahlen 954 und 509, welche ist größer? A:","['954', '509']",954,954
"F: Welche Zahl ist größer, 140 oder 432? A:","['140', '432']",432,140
Gib von den Zahlen 48 und 790 die größere an: ,"['48', '790']",790,790
Gib von den Zahlen 297 und 636 die größere an: ,"['297', '636']",636,636
"F: Welche Zahl ist größer, 880 oder 727? A:","['880', '727']",880,880
Gib von den Zahlen 641 und 167 die größere an: ,"['641', '167']",641,641
Gib von den Zahlen 39 und 544 die größere an: ,"['39', '544']",544,39
"F: Von den Zahlen 464 und 244, welche ist größer? A:","['464', '244']",464,464
"F: Welche Zahl ist größer, 726 oder 629? A:","['726', '629']",726,726
Gib von den Zahlen 773 und 537 die größere an: ,"['773', '537']",773,773
"F: Von den Zahlen 928 und 406, welche ist größer? A:","['928', '406']",928,928
Gib von den Zahlen 184 und 209 die größere an: ,"['184', '209']",209,209
"F: Von den Zahlen 802 und 747, welche ist größer? A:","['802', '747']",802,747
"F: Welche Zahl ist größer, 250 oder 829? A:","['250', '829']",829,829
"F: Von den Zahlen 944 und 526, welche ist größer? A:","['944', '526']",944,944
"F: Welche Zahl ist größer, 58 oder 305? A:","['58', '305']",305,58
Gib von den Zahlen 475 und 797 die größere an: ,"['475', '797']",797,797
"F: Von den Zahlen 699 und 657, welche ist größer? A:","['699', '657']",699,699
Gib von den Zahlen 76 und 538 die größere an: ,"['76', '538']",538,76
"F: Welche Zahl ist größer, 967 oder 870? A:","['967', '870']",967,870
"F: Welche Zahl ist größer, 181 oder 7? A:","['181', '7']",181,7
"F: Welche Zahl ist größer, 31 oder 788? A:","['31', '788']",788,788
Gib von den Zahlen 481 und 662 die größere an: ,"['481', '662']",662,481
"F: Von den Zahlen 503 und 535, welche ist größer? A:","['503', '535']",535,535
"F: Von den Zahlen 823 und 739, welche ist größer? A:","['823', '739']",823,823
"F: Welche Zahl ist größer, 776 oder 462? A:","['776', '462']",776,462
"F: Von den Zahlen 580 und 258, welche ist größer? A:","['580', '258']",580,580
"F: Von den Zahlen 727 und 974, welche ist größer? A:","['727', '974']",974,727
"F: Welche Zahl ist größer, 228 oder 190? A:","['228', '190']",228,228
"F: Von den Zahlen 56 und 489, welche ist größer? A:","['56', '489']",489,56
Gib von den Zahlen 837 und 17 die größere an: ,"['837', '17']",837,837
"F: Welche Zahl ist größer, 998 oder 201? A:","['998', '201']",998,998
Gib von den Zahlen 47 und 836 die größere an: ,"['47', '836']",836,836
"F: Welche Zahl ist größer, 236 oder 41? A:","['236', '41']",236,41
"F: Welche Zahl ist größer, 702 oder 156? A:","['702', '156']",702,702
"F: Von den Zahlen 403 und 424, welche ist größer? A:","['403', '424']",424,403
"F: Von den Zahlen 508 und 98, welche ist größer? A:","['508', '98']",508,508
"F: Welche Zahl ist größer, 332 oder 701? A:","['332', '701']",701,701
Gib von den Zahlen 289 und 11 die größere an: ,"['289', '11']",289,289
"F: Von den Zahlen 772 und 105, welche ist größer? A:","['772', '105']",772,772
"F: Von den Zahlen 220 und 299, welche ist größer? A:","['220', '299']",299,299
Gib von den Zahlen 557 und 927 die größere an: ,"['557', '927']",927,927
Gib von den Zahlen 801 und 514 die größere an: ,"['801', '514']",801,514
"F: Welche Zahl ist größer, 23 oder 974? A:","['23', '974']",974,974
Gib von den Zahlen 502 und 862 die größere an: ,"['502', '862']",862,862
Gib von den Zahlen 546 und 942 die größere an: ,"['546', '942']",942,942
"F: Von den Zahlen 889 und 508, welche ist größer? A:","['889', '508']",889,889
"F: Von den Zahlen 590 und 169, welche ist größer? A:","['590', '169']",590,590
Gib von den Zahlen 47 und 103 die größere an: ,"['47', '103']",103,47
"F: Welche Zahl ist größer, 327 oder 194? A:","['327', '194']",327,194
"F: Welche Zahl ist größer, 845 oder 521? A:","['845', '521']",845,521
"F: Welche Zahl ist größer, 186 oder 768? A:","['186', '768']",768,768
"F: Welche Zahl ist größer, 761 oder 448? A:","['761', '448']",761,761
"F: Von den Zahlen 695 und 50, welche ist größer? A:","['695', '50']",695,695
Gib von den Zahlen 126 und 311 die größere an: ,"['126', '311']",311,311
"F: Von den Zahlen 334 und 271, welche ist größer? A:","['334', '271']",334,334
"F: Von den Zahlen 92 und 139, welche ist größer? A:","['92', '139']",139,92
"F: Welche Zahl ist größer, 223 oder 316? A:","['223', '316']",316,223
Gib von den Zahlen 481 und 381 die größere an: ,"['481', '381']",481,481
"F: Von den Zahlen 32 und 746, welche ist größer? A:","['32', '746']",746,746
"F: Welche Zahl ist größer, 223 oder 636? A:","['223', '636']",636,636
"F: Welche Zahl ist größer, 596 oder 692? A:","['596', '692']",692,596
Gib von den Zahlen 470 und 446 die größere an: ,"['470', '446']",470,470
"F: Von den Zahlen 72 und 179, welche ist größer? A:","['72', '179']",179,179
"F: Welche Zahl ist größer, 25 oder 611? A:","['25', '611']",611,611
"F: Von den Zahlen 997 und 270, welche ist größer? A:","['997', '270']",997,997
"F: Von den Zahlen 574 und 177, welche ist größer? A:","['574', '177']",574,574
Gib von den Zahlen 102 und 550 die größere an: ,"['102', '550']",550,550
"F: Welche Zahl ist größer, 75 oder 474? A:","['75', '474']",474,474
"F: Welche Zahl ist größer, 130 oder 895? A:","['130', '895']",895,895
"F: Von den Zahlen 52 und 866, welche ist größer? A:","['52', '866']",866,866
"F: Welche Zahl ist größer, 773 oder 539? A:","['773', '539']",773,773
"F: Von den Zahlen 319 und 983, welche ist größer? A:","['319', '983']",983,983
Gib von den Zahlen 718 und 934 die größere an: ,"['718', '934']",934,718
"F: Welche Zahl ist größer, 533 oder 392? A:","['533', '392']",533,392
Gib von den Zahlen 986 und 469 die größere an: ,"['986', '469']",986,986
"F: Welche Zahl ist größer, 701 oder 967? A:","['701', '967']",967,967
Gib von den Zahlen 160 und 111 die größere an: ,"['160', '111']",160,160
"F: Von den Zahlen 641 und 373, welche ist größer? A:","['641', '373']",641,373
"F: Welche Zahl ist größer, 946 oder 911? A:","['946', '911']",946,946
"F: Welche Zahl ist größer, 715 oder 650? A:","['715', '650']",715,715
"F: Von den Zahlen 500 und 181, welche ist größer? A:","['500', '181']",500,500
"F: Welche Zahl ist größer, 140 oder 529? A:","['140', '529']",529,140
"F: Welche Zahl ist größer, 660 oder 165? A:","['660', '165']",660,660
Gib von den Zahlen 218 und 215 die größere an: ,"['218', '215']",218,218
"F: Von den Zahlen 107 und 408, welche ist größer? A:","['107', '408']",408,408
"F: Von den Zahlen 497 und 667, welche ist größer? A:","['497', '667']",667,497
"F: Welche Zahl ist größer, 134 oder 41? A:","['134', '41']",134,41
"F: Von den Zahlen 10 und 564, welche ist größer? A:","['10', '564']",564,564
Gib von den Zahlen 823 und 868 die größere an: ,"['823', '868']",868,868
Gib von den Zahlen 764 und 853 die größere an: ,"['764', '853']",853,853
"F: Von den Zahlen 28 und 250, welche ist größer? A:","['28', '250']",250,28
Gib von den Zahlen 101 und 566 die größere an: ,"['101', '566']",566,566
Gib von den Zahlen 429 und 749 die größere an: ,"['429', '749']",749,749
Gib von den Zahlen 543 und 741 die größere an: ,"['543', '741']",741,543
"F: Von den Zahlen 675 und 973, welche ist größer? A:","['675', '973']",973,675
"F: Von den Zahlen 969 und 863, welche ist größer? A:","['969', '863']",969,969
"F: Welche Zahl ist größer, 961 oder 899? A:","['961', '899']",961,899
"F: Von den Zahlen 531 und 218, welche ist größer? A:","['531', '218']",531,531
"F: Welche Zahl ist größer, 753 oder 61? A:","['753', '61']",753,61
Gib von den Zahlen 314 und 880 die größere an: ,"['314', '880']",880,880
Gib von den Zahlen 91 und 812 die größere an: ,"['91', '812']",812,91
Gib von den Zahlen 786 und 918 die größere an: ,"['786', '918']",918,918
Gib von den Zahlen 58 und 282 die größere an: ,"['58', '282']",282,282
"F: Welche Zahl ist größer, 872 oder 114? A:","['872', '114']",872,872
"F: Von den Zahlen 688 und 998, welche ist größer? A:","['688', '998']",998,998
"F: Von den Zahlen 474 und 207, welche ist größer? A:","['474', '207']",474,474
Gib von den Zahlen 447 und 789 die größere an: ,"['447', '789']",789,789
"F: Welche Zahl ist größer, 461 oder 865? A:","['461', '865']",865,865
"F: Von den Zahlen 431 und 45, welche ist größer? A:","['431', '45']",431,45
"F: Von den Zahlen 383 und 986, welche ist größer? A:","['383', '986']",986,986
Gib von den Zahlen 780 und 758 die größere an: ,"['780', '758']",780,780
"F: Von den Zahlen 147 und 606, welche ist größer? A:","['147', '606']",606,606
"F: Welche Zahl ist größer, 388 oder 412? A:","['388', '412']",412,388
"F: Welche Zahl ist größer, 623 oder 843? A:","['623', '843']",843,623
"F: Von den Zahlen 789 und 358, welche ist größer? A:","['789', '358']",789,789
"F: Welche Zahl ist größer, 937 oder 893? A:","['937', '893']",937,893
"F: Welche Zahl ist größer, 829 oder 740? A:","['829', '740']",829,829
"F: Welche Zahl ist größer, 763 oder 127? A:","['763', '127']",763,763
"F: Welche Zahl ist größer, 971 oder 382? A:","['971', '382']",971,971
"F: Von den Zahlen 110 und 845, welche ist größer? A:","['110', '845']",845,845
"F: Welche Zahl ist größer, 259 oder 712? A:","['259', '712']",712,712
Gib von den Zahlen 75 und 901 die größere an: ,"['75', '901']",901,75
"F: Welche Zahl ist größer, 645 oder 397? A:","['645', '397']",645,397
"F: Welche Zahl ist größer, 602 oder 940? A:","['602', '940']",940,602
Gib von den Zahlen 301 und 862 die größere an: ,"['301', '862']",862,862
Gib von den Zahlen 39 und 148 die größere an: ,"['39', '148']",148,39
"F: Von den Zahlen 471 und 118, welche ist größer? A:","['471', '118']",471,471
"F: Von den Zahlen 393 und 128, welche ist größer? A:","['393', '128']",393,128
"F: Von den Zahlen 594 und 264, welche ist größer? A:","['594', '264']",594,594
Gib von den Zahlen 184 und 134 die größere an: ,"['184', '134']",184,184
"F: Welche Zahl ist größer, 228 oder 492? A:","['228', '492']",492,228
Gib von den Zahlen 835 und 91 die größere an: ,"['835', '91']",835,91
Gib von den Zahlen 182 und 732 die größere an: ,"['182', '732']",732,732
"F: Welche Zahl ist größer, 721 oder 35? A:","['721', '35']",721,721
"F: Welche Zahl ist größer, 291 oder 460? A:","['291', '460']",460,460
"F: Von den Zahlen 256 und 540, welche ist größer? A:","['256', '540']",540,540
"F: Welche Zahl ist größer, 63 oder 309? A:","['63', '309']",309,309
"F: Von den Zahlen 85 und 153, welche ist größer? A:","['85', '153']",153,85
Gib von den Zahlen 190 und 623 die größere an: ,"['190', '623']",623,623
"F: Welche Zahl ist größer, 405 oder 202? A:","['405', '202']",405,202
"F: Von den Zahlen 198 und 168, welche ist größer? A:","['198', '168']",198,168
"F: Von den Zahlen 473 und 75, welche ist größer? A:","['473', '75']",473,473
"F: Von den Zahlen 857 und 140, welche ist größer? A:","['857', '140']",857,857
"F: Welche Zahl ist größer, 755 oder 757? A:","['755', '757']",757,755
"F: Welche Zahl ist größer, 919 oder 261? A:","['919', '261']",919,261
"F: Von den Zahlen 99 und 225, welche ist größer? A:","['99', '225']",225,99
"F: Welche Zahl ist größer, 78 oder 27? A:","['78', '27']",78,78
Gib von den Zahlen 544 und 407 die größere an: ,"['544', '407']",544,407
"F: Von den Zahlen 151 und 202, welche ist größer? A:","['151', '202']",202,202
Gib von den Zahlen 278 und 921 die größere an: ,"['278', '921']",921,921
"F: Welche Zahl ist größer, 120 oder 924? A:","['120', '924']",924,924
Gib von den Zahlen 994 und 199 die größere an: ,"['994', '199']",994,994
"F: Von den Zahlen 644 und 702, welche ist größer? A:","['644', '702']",702,702
"F: Von den Zahlen 704 und 71, welche ist größer? A:","['704', '71']",704,71
"F: Von den Zahlen 303 und 549, welche ist größer? A:","['303', '549']",549,549
"F: Welche Zahl ist größer, 901 oder 875? A:","['901', '875']",901,901
Gib von den Zahlen 210 und 632 die größere an: ,"['210', '632']",632,632
Gib von den Zahlen 897 und 964 die größere an: ,"['897', '964']",964,897
"F: Von den Zahlen 834 und 8, welche ist größer? A:","['834', '8']",834,834
"F: Von den Zahlen 667 und 100, welche ist größer? A:","['667', '100']",667,667
"F: Welche Zahl ist größer, 31 oder 378? A:","['31', '378']",378,378
Gib von den Zahlen 469 und 848 die größere an: ,"['469', '848']",848,848
Gib von den Zahlen 812 und 531 die größere an: ,"['812', '531']",812,812
Gib von den Zahlen 638 und 886 die größere an: ,"['638', '886']",886,638
"F: Welche Zahl ist größer, 618 oder 360? A:","['618', '360']",618,618
"F: Von den Zahlen 643 und 621, welche ist größer? A:","['643', '621']",643,621
"F: Von den Zahlen 566 und 132, welche ist größer? A:","['566', '132']",566,566
"F: Von den Zahlen 469 und 871, welche ist größer? A:","['469', '871']",871,469
"F: Von den Zahlen 440 und 580, welche ist größer? A:","['440', '580']",580,580
Gib von den Zahlen 270 und 184 die größere an: ,"['270', '184']",270,270
Gib von den Zahlen 344 und 249 die größere an: ,"['344', '249']",344,249
"F: Von den Zahlen 698 und 55, welche ist größer? A:","['698', '55']",698,698
Gib von den Zahlen 871 und 329 die größere an: ,"['871', '329']",871,871
"F: Von den Zahlen 428 und 250, welche ist größer? A:","['428', '250']",428,428
Gib von den Zahlen 718 und 567 die größere an: ,"['718', '567']",718,567
"F: Welche Zahl ist größer, 727 oder 585? A:","['727', '585']",727,585
"F: Von den Zahlen 242 und 796, welche ist größer? A:","['242', '796']",796,796
Gib von den Zahlen 592 und 435 die größere an: ,"['592', '435']",592,592
"F: Welche Zahl ist größer, 952 oder 635? A:","['952', '635']",952,952
"F: Von den Zahlen 249 und 963, welche ist größer? A:","['249', '963']",963,963
Gib von den Zahlen 928 und 269 die größere an: ,"['928', '269']",928,928
"F: Welche Zahl ist größer, 792 oder 832? A:","['792', '832']",832,832
"F: Von den Zahlen 544 und 640, welche ist größer? A:","['544', '640']",640,544
"F: Welche Zahl ist größer, 457 oder 192? A:","['457', '192']",457,457
"F: Von den Zahlen 405 und 648, welche ist größer? A:","['405', '648']",648,648
Gib von den Zahlen 35 und 820 die größere an: ,"['35', '820']",820,820
"F: Welche Zahl ist größer, 546 oder 432? A:","['546', '432']",546,546
Gib von den Zahlen 40 und 998 die größere an: ,"['40', '998']",998,998
Gib von den Zahlen 997 und 448 die größere an: ,"['997', '448']",997,997
"F: Welche Zahl ist größer, 938 oder 643? A:","['938', '643']",938,938
Gib von den Zahlen 754 und 545 die größere an: ,"['754', '545']",754,545
"F: Welche Zahl ist größer, 841 oder 527? A:","['841', '527']",841,841
Gib von den Zahlen 392 und 598 die größere an: ,"['392', '598']",598,598
"F: Von den Zahlen 921 und 449, welche ist größer? A:","['921', '449']",921,921
Gib von den Zahlen 735 und 610 die größere an: ,"['735', '610']",735,735
Gib von den Zahlen 926 und 372 die größere an: ,"['926', '372']",926,926
"F: Von den Zahlen 992 und 223, welche ist größer? A:","['992', '223']",992,992
"F: Welche Zahl ist größer, 137 oder 211? A:","['137', '211']",211,211
"F: Welche Zahl ist größer, 333 oder 26? A:","['333', '26']",333,26
"F: Welche Zahl ist größer, 964 oder 152? A:","['964', '152']",964,964
"F: Von den Zahlen 665 und 219, welche ist größer? A:","['665', '219']",665,665
"F: Von den Zahlen 563 und 640, welche ist größer? A:","['563', '640']",640,563
"F: Von den Zahlen 91 und 629, welche ist größer? A:","['91', '629']",629,91
Gib von den Zahlen 802 und 467 die größere an: ,"['802', '467']",802,802
"F: Welche Zahl ist größer, 721 oder 432? A:","['721', '432']",721,721
"F: Welche Zahl ist größer, 683 oder 355? A:","['683', '355']",683,683
"F: Von den Zahlen 125 und 145, welche ist größer? A:","['125', '145']",145,145
"F: Von den Zahlen 959 und 190, welche ist größer? A:","['959', '190']",959,959
"F: Welche Zahl ist größer, 389 oder 139? A:","['389', '139']",389,139
"F: Von den Zahlen 224 und 801, welche ist größer? A:","['224', '801']",801,224
"F: Von den Zahlen 932 und 236, welche ist größer? A:","['932', '236']",932,932
"F: Von den Zahlen 841 und 179, welche ist größer? A:","['841', '179']",841,841
"F: Welche Zahl ist größer, 727 oder 628? A:","['727', '628']",727,727
"F: Von den Zahlen 117 und 95, welche ist größer? A:","['117', '95']",117,95
"F: Welche Zahl ist größer, 27 oder 153? A:","['27', '153']",153,27
Gib von den Zahlen 757 und 730 die größere an: ,"['757', '730']",757,730
"F: Welche Zahl ist größer, 880 oder 542? A:","['880', '542']",880,880
"F: Welche Zahl ist größer, 167 oder 781? A:","['167', '781']",781,781
"F: Welche Zahl ist größer, 265 oder 788? A:","['265', '788']",788,788
Gib von den Zahlen 712 und 621 die größere an: ,"['712', '621']",712,712
"F: Von den Zahlen 100 und 430, welche ist größer? A:","['100', '430']",430,430
"F: Welche Zahl ist größer, 567 oder 564? A:","['567', '564']",567,564
"F: Welche Zahl ist größer, 294 oder 110? A:","['294', '110']",294,294
"F: Von den Zahlen 655 und 270, welche ist größer? A:","['655', '270']",655,655
Gib von den Zahlen 947 und 959 die größere an: ,"['947', '959']",959,959
"F: Von den Zahlen 723 und 475, welche ist größer? A:","['723', '475']",723,723
"F: Von den Zahlen 603 und 583, welche ist größer? A:","['603', '583']",603,583
"F: Von den Zahlen 781 und 5, welche ist größer? A:","['781', '5']",781,5
Gib von den Zahlen 654 und 664 die größere an: ,"['654', '664']",664,654
"F: Von den Zahlen 190 und 347, welche ist größer? A:","['190', '347']",347,347
"F: Welche Zahl ist größer, 19 oder 32? A:","['19', '32']",32,19
"F: Welche Zahl ist größer, 584 oder 65? A:","['584', '65']",584,584
"F: Welche Zahl ist größer, 543 oder 135? A:","['543', '135']",543,543
Gib von den Zahlen 503 und 228 die größere an: ,"['503', '228']",503,228
"F: Welche Zahl ist größer, 45 oder 420? A:","['45', '420']",420,420
Gib von den Zahlen 657 und 558 die größere an: ,"['657', '558']",657,657
"F: Von den Zahlen 733 und 607, welche ist größer? A:","['733', '607']",733,733
Gib von den Zahlen 77 und 704 die größere an: ,"['77', '704']",704,77
Gib von den Zahlen 648 und 393 die größere an: ,"['648', '393']",648,648
"F: Von den Zahlen 724 und 582, welche ist größer? A:","['724', '582']",724,724
"F: Welche Zahl ist größer, 779 oder 522? A:","['779', '522']",779,779
Gib von den Zahlen 561 und 515 die größere an: ,"['561', '515']",561,561
"F: Welche Zahl ist größer, 152 oder 441? A:","['152', '441']",441,152
Gib von den Zahlen 704 und 149 die größere an: ,"['704', '149']",704,704
"F: Von den Zahlen 32 und 145, welche ist größer? A:","['32', '145']",145,32
"F: Welche Zahl ist größer, 781 oder 126? A:","['781', '126']",781,781
"F: Von den Zahlen 346 und 366, welche ist größer? A:","['346', '366']",366,366
"F: Welche Zahl ist größer, 907 oder 849? A:","['907', '849']",907,907
"F: Welche Zahl ist größer, 600 oder 863? A:","['600', '863']",863,863
"F: Von den Zahlen 399 und 812, welche ist größer? A:","['399', '812']",812,812
"F: Von den Zahlen 335 und 343, welche ist größer? A:","['335', '343']",343,343
"F: Welche Zahl ist größer, 917 oder 492? A:","['917', '492']",917,917
"F: Von den Zahlen 87 und 611, welche ist größer? A:","['87', '611']",611,87
"F: Welche Zahl ist größer, 637 oder 363? A:","['637', '363']",637,637
"F: Welche Zahl ist größer, 664 oder 634? A:","['664', '634']",664,664
Gib von den Zahlen 291 und 523 die größere an: ,"['291', '523']",523,523
"F: Von den Zahlen 960 und 643, welche ist größer? A:","['960', '643']",960,960
"F: Von den Zahlen 449 und 844, welche ist größer? A:","['449', '844']",844,844
"F: Welche Zahl ist größer, 746 oder 283? A:","['746', '283']",746,283
"F: Welche Zahl ist größer, 392 oder 691? A:","['392', '691']",691,392
"F: Welche Zahl ist größer, 196 oder 741? A:","['196', '741']",741,741
"F: Welche Zahl ist größer, 218 oder 318? A:","['218', '318']",318,218
"F: Welche Zahl ist größer, 811 oder 875? A:","['811', '875']",875,811
"F: Welche Zahl ist größer, 483 oder 561? A:","['483', '561']",561,561
Gib von den Zahlen 294 und 3 die größere an: ,"['294', '3']",294,294
"F: Welche Zahl ist größer, 401 oder 752? A:","['401', '752']",752,401
Gib von den Zahlen 208 und 850 die größere an: ,"['208', '850']",850,850
"F: Von den Zahlen 362 und 135, welche ist größer? A:","['362', '135']",362,362
"F: Von den Zahlen 557 und 516, welche ist größer? A:","['557', '516']",557,557
"F: Von den Zahlen 687 und 680, welche ist größer? A:","['687', '680']",687,687
"F: Von den Zahlen 924 und 838, welche ist größer? A:","['924', '838']",924,838
"F: Von den Zahlen 624 und 323, welche ist größer? A:","['624', '323']",624,624
Gib von den Zahlen 495 und 709 die größere an: ,"['495', '709']",709,709
"F: Welche Zahl ist größer, 961 oder 446? A:","['961', '446']",961,961
"F: Welche Zahl ist größer, 720 oder 126? A:","['720', '126']",720,720
"F: Von den Zahlen 810 und 278, welche ist größer? A:","['810', '278']",810,810
Gib von den Zahlen 367 und 17 die größere an: ,"['367', '17']",367,17
"F: Von den Zahlen 445 und 57, welche ist größer? A:","['445', '57']",445,445
Gib von den Zahlen 367 und 248 die größere an: ,"['367', '248']",367,248
"F: Welche Zahl ist größer, 182 oder 442? A:","['182', '442']",442,442
Gib von den Zahlen 166 und 832 die größere an: ,"['166', '832']",832,832
Gib von den Zahlen 557 und 183 die größere an: ,"['557', '183']",557,557
"F: Welche Zahl ist größer, 253 oder 24? A:","['253', '24']",253,253
Gib von den Zahlen 237 und 755 die größere an: ,"['237', '755']",755,755
Gib von den Zahlen 432 und 537 die größere an: ,"['432', '537']",537,537
"F: Von den Zahlen 17 und 503, welche ist größer? A:","['17', '503']",503,17
Gib von den Zahlen 302 und 182 die größere an: ,"['302', '182']",302,302
"F: Von den Zahlen 11 und 179, welche ist größer? A:","['11', '179']",179,11
"F: Von den Zahlen 983 und 646, welche ist größer? A:","['983', '646']",983,646
"F: Welche Zahl ist größer, 908 oder 857? A:","['908', '857']",908,857
"F: Von den Zahlen 76 und 486, welche ist größer? A:","['76', '486']",486,76
"F: Welche Zahl ist größer, 379 oder 258? A:","['379', '258']",379,258
"F: Welche Zahl ist größer, 762 oder 464? A:","['762', '464']",762,762
"F: Welche Zahl ist größer, 281 oder 378? A:","['281', '378']",378,281
"F: Von den Zahlen 725 und 79, welche ist größer? A:","['725', '79']",725,725
"F: Welche Zahl ist größer, 358 oder 143? A:","['358', '143']",358,358
"F: Welche Zahl ist größer, 766 oder 466? A:","['766', '466']",766,766
"F: Welche Zahl ist größer, 900 oder 680? A:","['900', '680']",900,900
"F: Von den Zahlen 308 und 980, welche ist größer? A:","['308', '980']",980,980
"F: Von den Zahlen 295 und 484, welche ist größer? A:","['295', '484']",484,295
"F: Welche Zahl ist größer, 460 oder 528? A:","['460', '528']",528,528
"F: Welche Zahl ist größer, 969 oder 75? A:","['969', '75']",969,969
"F: Welche Zahl ist größer, 653 oder 949? A:","['653', '949']",949,949
Gib von den Zahlen 759 und 673 die größere an: ,"['759', '673']",759,759
"F: Welche Zahl ist größer, 791 oder 88? A:","['791', '88']",791,791
Gib von den Zahlen 421 und 549 die größere an: ,"['421', '549']",549,421
Gib von den Zahlen 861 und 444 die größere an: ,"['861', '444']",861,861
"F: Welche Zahl ist größer, 851 oder 797? A:","['851', '797']",851,851
Gib von den Zahlen 903 und 72 die größere an: ,"['903', '72']",903,72
Gib von den Zahlen 57 und 953 die größere an: ,"['57', '953']",953,953
Gib von den Zahlen 416 und 234 die größere an: ,"['416', '234']",416,416
Gib von den Zahlen 970 und 184 die größere an: ,"['970', '184']",970,970
"F: Von den Zahlen 78 und 761, welche ist größer? A:","['78', '761']",761,761
"F: Von den Zahlen 373 und 549, welche ist größer? A:","['373', '549']",549,549
Gib von den Zahlen 655 und 483 die größere an: ,"['655', '483']",655,483
"F: Welche Zahl ist größer, 95 oder 179? A:","['95', '179']",179,95
"F: Von den Zahlen 695 und 212, welche ist größer? A:","['695', '212']",695,695
Gib von den Zahlen 892 und 284 die größere an: ,"['892', '284']",892,892
Gib von den Zahlen 375 und 361 die größere an: ,"['375', '361']",375,361
Gib von den Zahlen 164 und 892 die größere an: ,"['164', '892']",892,892
Gib von den Zahlen 359 und 486 die größere an: ,"['359', '486']",486,359
Gib von den Zahlen 959 und 232 die größere an: ,"['959', '232']",959,959
"F: Welche Zahl ist größer, 89 oder 374? A:","['89', '374']",374,89
Gib von den Zahlen 512 und 154 die größere an: ,"['512', '154']",512,512
"F: Welche Zahl ist größer, 796 oder 117? A:","['796', '117']",796,796
"F: Von den Zahlen 519 und 287, welche ist größer? A:","['519', '287']",519,519
Gib von den Zahlen 108 und 312 die größere an: ,"['108', '312']",312,312
Gib von den Zahlen 980 und 390 die größere an: ,"['980', '390']",980,980
"F: Von den Zahlen 353 und 752, welche ist größer? A:","['353', '752']",752,353
"F: Welche Zahl ist größer, 410 oder 553? A:","['410', '553']",553,410
"F: Welche Zahl ist größer, 475 oder 463? A:","['475', '463']",475,475
Gib von den Zahlen 41 und 80 die größere an: ,"['41', '80']",80,41
"F: Welche Zahl ist größer, 554 oder 113? A:","['554', '113']",554,113
Gib von den Zahlen 472 und 393 die größere an: ,"['472', '393']",472,472
"F: Von den Zahlen 973 und 673, welche ist größer? A:","['973', '673']",973,973
"F: Welche Zahl ist größer, 233 oder 489? A:","['233', '489']",489,233
"F: Welche Zahl ist größer, 19 oder 488? A:","['19', '488']",488,488
Gib von den Zahlen 41 und 629 die größere an: ,"['41', '629']",629,41
"F: Welche Zahl ist größer, 264 oder 468? A:","['264', '468']",468,264
"F: Von den Zahlen 679 und 436, welche ist größer? A:","['679', '436']",679,679
Gib von den Zahlen 594 und 509 die größere an: ,"['594', '509']",594,594
"F: Von den Zahlen 317 und 197, welche ist größer? A:","['317', '197']",317,197
Gib von den Zahlen 695 und 656 die größere an: ,"['695', '656']",695,656
"F: Welche Zahl ist größer, 732 oder 240? A:","['732', '240']",732,732
Gib von den Zahlen 862 und 767 die größere an: ,"['862', '767']",862,862
"F: Welche Zahl ist größer, 392 oder 203? A:","['392', '203']",392,203
"F: Welche Zahl ist größer, 664 oder 92? A:","['664', '92']",664,92
"F: Von den Zahlen 734 und 688, welche ist größer? A:","['734', '688']",734,688
"F: Welche Zahl ist größer, 701 oder 528? A:","['701', '528']",701,701
Gib von den Zahlen 836 und 856 die größere an: ,"['836', '856']",856,856
"F: Welche Zahl ist größer, 953 oder 758? A:","['953', '758']",953,758
"F: Welche Zahl ist größer, 312 oder 974? A:","['312', '974']",974,974
"F: Von den Zahlen 353 und 273, welche ist größer? A:","['353', '273']",353,353
"F: Von den Zahlen 140 und 271, welche ist größer? A:","['140', '271']",271,271
"F: Welche Zahl ist größer, 372 oder 170? A:","['372', '170']",372,372
"F: Welche Zahl ist größer, 411 oder 427? A:","['411', '427']",427,427
"F: Von den Zahlen 169 und 149, welche ist größer? A:","['169', '149']",169,149
"F: Welche Zahl ist größer, 228 oder 936? A:","['228', '936']",936,936
"F: Welche Zahl ist größer, 700 oder 255? A:","['700', '255']",700,700
"F: Von den Zahlen 451 und 667, welche ist größer? A:","['451', '667']",667,667
Gib von den Zahlen 374 und 447 die größere an: ,"['374', '447']",447,447
Gib von den Zahlen 619 und 857 die größere an: ,"['619', '857']",857,857
"F: Von den Zahlen 445 und 906, welche ist größer? A:","['445', '906']",906,906
Gib von den Zahlen 50 und 561 die größere an: ,"['50', '561']",561,561
Gib von den Zahlen 815 und 603 die größere an: ,"['815', '603']",815,815
"F: Von den Zahlen 921 und 766, welche ist größer? A:","['921', '766']",921,921
"F: Von den Zahlen 872 und 224, welche ist größer? A:","['872', '224']",872,872
Gib von den Zahlen 901 und 884 die größere an: ,"['901', '884']",901,884
"F: Welche Zahl ist größer, 465 oder 267? A:","['465', '267']",465,465
Gib von den Zahlen 48 und 353 die größere an: ,"['48', '353']",353,48
"F: Von den Zahlen 689 und 493, welche ist größer? A:","['689', '493']",689,493
Gib von den Zahlen 361 und 510 die größere an: ,"['361', '510']",510,510
"F: Von den Zahlen 680 und 192, welche ist größer? A:","['680', '192']",680,192
"F: Von den Zahlen 231 und 589, welche ist größer? A:","['231', '589']",589,589
Gib von den Zahlen 630 und 757 die größere an: ,"['630', '757']",757,630
"F: Von den Zahlen 668 und 447, welche ist größer? A:","['668', '447']",668,668
"F: Welche Zahl ist größer, 149 oder 711? A:","['149', '711']",711,711
Gib von den Zahlen 525 und 499 die größere an: ,"['525', '499']",525,525
"F: Welche Zahl ist größer, 155 oder 205? A:","['155', '205']",205,155
"F: Von den Zahlen 249 und 589, welche ist größer? A:","['249', '589']",589,589
"F: Welche Zahl ist größer, 740 oder 425? A:","['740', '425']",740,740
Gib von den Zahlen 270 und 241 die größere an: ,"['270', '241']",270,270
Gib von den Zahlen 88 und 446 die größere an: ,"['88', '446']",446,88
"F: Welche Zahl ist größer, 784 oder 257? A:","['784', '257']",784,784
"F: Von den Zahlen 861 und 423, welche ist größer? A:","['861', '423']",861,423
Gib von den Zahlen 380 und 770 die größere an: ,"['380', '770']",770,380
"F: Welche Zahl ist größer, 42 oder 325? A:","['42', '325']",325,325
"F: Von den Zahlen 779 und 156, welche ist größer? A:","['779', '156']",779,779
"F: Welche Zahl ist größer, 289 oder 558? A:","['289', '558']",558,289
Gib von den Zahlen 79 und 198 die größere an: ,"['79', '198']",198,79
"F: Welche Zahl ist größer, 636 oder 946? A:","['636', '946']",946,946
"F: Welche Zahl ist größer, 808 oder 10? A:","['808', '10']",808,808
"F: Welche Zahl ist größer, 948 oder 16? A:","['948', '16']",948,16
"F: Welche Zahl ist größer, 118 oder 355? A:","['118', '355']",355,355
Gib von den Zahlen 727 und 188 die größere an: ,"['727', '188']",727,727
Gib von den Zahlen 756 und 62 die größere an: ,"['756', '62']",756,62
Gib von den Zahlen 97 und 343 die größere an: ,"['97', '343']",343,97
"F: Welche Zahl ist größer, 125 oder 773? A:","['125', '773']",773,773
"F: Welche Zahl ist größer, 400 oder 730? A:","['400', '730']",730,730
"F: Von den Zahlen 838 und 154, welche ist größer? A:","['838', '154']",838,838
"F: Von den Zahlen 436 und 411, welche ist größer? A:","['436', '411']",436,436
"F: Welche Zahl ist größer, 641 oder 857? A:","['641', '857']",857,857
"F: Von den Zahlen 85 und 420, welche ist größer? A:","['85', '420']",420,85
Gib von den Zahlen 51 und 567 die größere an: ,"['51', '567']",567,567
"F: Welche Zahl ist größer, 707 oder 154? A:","['707', '154']",707,707
"F: Welche Zahl ist größer, 59 oder 741? A:","['59', '741']",741,741
Gib von den Zahlen 96 und 462 die größere an: ,"['96', '462']",462,96
"F: Von den Zahlen 0 und 200, welche ist größer? A:","['0', '200']",200,200
Gib von den Zahlen 730 und 770 die größere an: ,"['730', '770']",770,770
"F: Welche Zahl ist größer, 409 oder 251? A:","['409', '251']",409,409
"F: Welche Zahl ist größer, 600 oder 563? A:","['600', '563']",600,563
"F: Welche Zahl ist größer, 200 oder 601? A:","['200', '601']",601,200
"F: Von den Zahlen 593 und 725, welche ist größer? A:","['593', '725']",725,593
"F: Welche Zahl ist größer, 374 oder 726? A:","['374', '726']",726,726
"F: Welche Zahl ist größer, 882 oder 106? A:","['882', '106']",882,882
"F: Welche Zahl ist größer, 399 oder 913? A:","['399', '913']",913,913
Gib von den Zahlen 192 und 229 die größere an: ,"['192', '229']",229,229
Gib von den Zahlen 474 und 701 die größere an: ,"['474', '701']",701,474
"F: Welche Zahl ist größer, 371 oder 136? A:","['371', '136']",371,371
"F: Von den Zahlen 524 und 788, welche ist größer? A:","['524', '788']",788,788
Gib von den Zahlen 164 und 721 die größere an: ,"['164', '721']",721,721
"F: Von den Zahlen 696 und 110, welche ist größer? A:","['696', '110']",696,696
"F: Welche Zahl ist größer, 431 oder 660? A:","['431', '660']",660,431
"F: Von den Zahlen 411 und 162, welche ist größer? A:","['411', '162']",411,411
Gib von den Zahlen 590 und 531 die größere an: ,"['590', '531']",590,531
Gib von den Zahlen 462 und 942 die größere an: ,"['462', '942']",942,942
Gib von den Zahlen 371 und 815 die größere an: ,"['371', '815']",815,371
"F: Von den Zahlen 490 und 341, welche ist größer? A:","['490', '341']",490,341
"F: Von den Zahlen 59 und 858, welche ist größer? A:","['59', '858']",858,858
"F: Welche Zahl ist größer, 454 oder 73? A:","['454', '73']",454,73
Gib von den Zahlen 965 und 102 die größere an: ,"['965', '102']",965,965
"F: Welche Zahl ist größer, 851 oder 674? A:","['851', '674']",851,674
"F: Von den Zahlen 76 und 873, welche ist größer? A:","['76', '873']",873,873
"F: Von den Zahlen 573 und 580, welche ist größer? A:","['573', '580']",580,573
