Input,Options,Expected,Predicted
"F: In alphabetischer Reihenfolge, welches Wort kommt zuerst, ""Kerze"" oder ""Decke""? A:","['kerze', 'decke']",decke,decke
"F: In alphabetischer Reihenfolge, welches Wort kommt zuerst, ""Journal"" oder ""Chef""? A:","['journal', 'chef']",chef,chef
"F: In alphabetischer Reihenfolge, welches Wort kommt zuerst, ""Gabel"" oder ""Drucker""? A:","['gabel', 'drucker']",drucker,drucker
"F: In alphabetischer Reihenfolge, welches der Wörter ""Jacke"" und ""Anker"" kommt zuerst? A:","['jacke', 'anker']",anker,anker
"Welches von den Wörtern ""Junge"" und ""Elch"", kommt alphabetisch zuerst? ","['junge', 'elch']",elch,junge
"F: In alphabetischer Reihenfolge, welches Wort kommt zuerst, ""Holz"" oder ""Couch""? A:","['holz', 'couch']",couch,couch
"F: In alphabetischer Reihenfolge, welches Wort kommt zuerst, ""Jury"" oder ""Computer""? A:","['jury', 'computer']",computer,jury
"Welches von den Wörtern ""Iglu"" und ""Dezember"", kommt alphabetisch zuerst? ","['iglu', 'dezember']",dezember,dezember
"F: In alphabetischer Reihenfolge, welches der Wörter ""Iglu"" und ""Atlas"" kommt zuerst? A:","['iglu', 'atlas']",atlas,atlas
"Welches von den Wörtern ""Keks"" und ""Eiche"", kommt alphabetisch zuerst? ","['keks', 'eiche']",eiche,eiche
"Welches von den Wörtern ""Eimer"" und ""Lager"", kommt alphabetisch zuerst? ","['eimer', 'lager']",eimer,eimer
"F: In alphabetischer Reihenfolge, welches der Wörter ""Apfel"" und ""Leiter"" kommt zuerst? A:","['apfel', 'leiter']",apfel,apfel
"F: In alphabetischer Reihenfolge, welches der Wörter ""Birne"" und ""Joystick"" kommt zuerst? A:","['birne', 'joystick']",birne,birne
"F: In alphabetischer Reihenfolge, welches Wort kommt zuerst, ""Decke"" oder ""Glas""? A:","['decke', 'glas']",decke,decke
"Welches von den Wörtern ""Fisch"" und ""Input"", kommt alphabetisch zuerst? ","['fisch', 'input']",fisch,fisch
"F: In alphabetischer Reihenfolge, welches der Wörter ""Insel"" und ""Brett"" kommt zuerst? A:","['insel', 'brett']",brett,brett
"F: In alphabetischer Reihenfolge, welches Wort kommt zuerst, ""Brücke"" oder ""Intelligenz""? A:","['brücke', 'intelligenz']",brücke,brücke
"F: In alphabetischer Reihenfolge, welches der Wörter ""Jeans"" und ""Abend"" kommt zuerst? A:","['jeans', 'abend']",abend,abend
"Welches von den Wörtern ""Erde"" und ""Kugel"", kommt alphabetisch zuerst? ","['erde', 'kugel']",erde,erde
"Welches von den Wörtern ""Herz"" und ""Eiche"", kommt alphabetisch zuerst? ","['herz', 'eiche']",eiche,eiche
"F: In alphabetischer Reihenfolge, welches der Wörter ""Kissen"" und ""Apfel"" kommt zuerst? A:","['kissen', 'apfel']",apfel,apfel
"F: In alphabetischer Reihenfolge, welches der Wörter ""Auto"" und ""Hose"" kommt zuerst? A:","['auto', 'hose']",auto,auto
"F: In alphabetischer Reihenfolge, welches der Wörter ""Jeans"" und ""Brett"" kommt zuerst? A:","['jeans', 'brett']",brett,brett
"Welches von den Wörtern ""Küche"" und ""Dattel"", kommt alphabetisch zuerst? ","['küche', 'dattel']",dattel,dattel
"F: In alphabetischer Reihenfolge, welches Wort kommt zuerst, ""Creme"" oder ""Kaffee""? A:","['creme', 'kaffee']",creme,creme
"Welches von den Wörtern ""Journal"" und ""Fuchs"", kommt alphabetisch zuerst? ","['journal', 'fuchs']",fuchs,fuchs
"Welches von den Wörtern ""Eule"" und ""Hügel"", kommt alphabetisch zuerst? ","['eule', 'hügel']",eule,eule
"F: In alphabetischer Reihenfolge, welches Wort kommt zuerst, ""Herz"" oder ""Chili""? A:","['herz', 'chili']",chili,chili
"F: In alphabetischer Reihenfolge, welches der Wörter ""Igel"" und ""Auto"" kommt zuerst? A:","['igel', 'auto']",auto,auto
"F: In alphabetischer Reihenfolge, welches Wort kommt zuerst, ""Chili"" oder ""Jacke""? A:","['chili', 'jacke']",chili,chili
"F: In alphabetischer Reihenfolge, welches Wort kommt zuerst, ""Besen"" oder ""Hammer""? A:","['besen', 'hammer']",besen,besen
"F: In alphabetischer Reihenfolge, welches Wort kommt zuerst, ""Hammer"" oder ""Dorf""? A:","['hammer', 'dorf']",dorf,dorf
"F: In alphabetischer Reihenfolge, welches der Wörter ""Biene"" und ""Jacke"" kommt zuerst? A:","['biene', 'jacke']",biene,biene
"Welches von den Wörtern ""Karte"" und ""Fahrrad"", kommt alphabetisch zuerst? ","['karte', 'fahrrad']",fahrrad,fahrrad
"F: In alphabetischer Reihenfolge, welches der Wörter ""Herz"" und ""Auto"" kommt zuerst? A:","['herz', 'auto']",auto,auto
"F: In alphabetischer Reihenfolge, welches der Wörter ""Hut"" und ""Ball"" kommt zuerst? A:","['hut', 'ball']",ball,ball
"Welches von den Wörtern ""Lager"" und ""Dezember"", kommt alphabetisch zuerst? ","['lager', 'dezember']",dezember,dezember
"F: In alphabetischer Reihenfolge, welches der Wörter ""Auto"" und ""Kuh"" kommt zuerst? A:","['auto', 'kuh']",auto,auto
"F: In alphabetischer Reihenfolge, welches der Wörter ""Iglu"" und ""Auto"" kommt zuerst? A:","['iglu', 'auto']",auto,auto
"F: In alphabetischer Reihenfolge, welches Wort kommt zuerst, ""Clown"" oder ""Joghurt""? A:","['clown', 'joghurt']",clown,clown
"F: In alphabetischer Reihenfolge, welches der Wörter ""Ameise"" und ""Index"" kommt zuerst? A:","['ameise', 'index']",ameise,ameise
"F: In alphabetischer Reihenfolge, welches der Wörter ""Ampel"" und ""Gummi"" kommt zuerst? A:","['ampel', 'gummi']",ampel,gummi
"F: In alphabetischer Reihenfolge, welches der Wörter ""Atlas"" und ""Gummi"" kommt zuerst? A:","['atlas', 'gummi']",atlas,atlas
"F: In alphabetischer Reihenfolge, welches der Wörter ""Hafen"" und ""Biene"" kommt zuerst? A:","['hafen', 'biene']",biene,biene
"F: In alphabetischer Reihenfolge, welches Wort kommt zuerst, ""Café"" oder ""Kugel""? A:","['café', 'kugel']",café,café
"F: In alphabetischer Reihenfolge, welches Wort kommt zuerst, ""Glocke"" oder ""Café""? A:","['glocke', 'café']",café,café
"Welches von den Wörtern ""Eis"" und ""Gans"", kommt alphabetisch zuerst? ","['eis', 'gans']",eis,eis
"F: In alphabetischer Reihenfolge, welches der Wörter ""Apfel"" und ""Hose"" kommt zuerst? A:","['apfel', 'hose']",apfel,apfel
"Welches von den Wörtern ""Eiche"" und ""Jasmin"", kommt alphabetisch zuerst? ","['eiche', 'jasmin']",eiche,jasmin
"F: In alphabetischer Reihenfolge, welches Wort kommt zuerst, ""Chip"" oder ""Gans""? A:","['chip', 'gans']",chip,chip
"F: In alphabetischer Reihenfolge, welches Wort kommt zuerst, ""Kamm"" oder ""Brücke""? A:","['kamm', 'brücke']",brücke,brücke
"Welches von den Wörtern ""Igel"" und ""Dezember"", kommt alphabetisch zuerst? ","['igel', 'dezember']",dezember,dezember
"F: In alphabetischer Reihenfolge, welches der Wörter ""Jaguar"" und ""Ameise"" kommt zuerst? A:","['jaguar', 'ameise']",ameise,jaguar
"Welches von den Wörtern ""Lied"" und ""Erdbeere"", kommt alphabetisch zuerst? ","['lied', 'erdbeere']",erdbeere,erdbeere
"F: In alphabetischer Reihenfolge, welches der Wörter ""Alge"" und ""Kiste"" kommt zuerst? A:","['alge', 'kiste']",alge,alge
"Welches von den Wörtern ""Kerze"" und ""Fuchs"", kommt alphabetisch zuerst? ","['kerze', 'fuchs']",fuchs,fuchs
"F: In alphabetischer Reihenfolge, welches Wort kommt zuerst, ""Creme"" oder ""Joystick""? A:","['creme', 'joystick']",creme,creme
"F: In alphabetischer Reihenfolge, welches der Wörter ""Gabel"" und ""Ball"" kommt zuerst? A:","['gabel', 'ball']",ball,ball
"Welches von den Wörtern ""Jaguar"" und ""Echo"", kommt alphabetisch zuerst? ","['jaguar', 'echo']",echo,echo
"F: In alphabetischer Reihenfolge, welches Wort kommt zuerst, ""Besen"" oder ""Hut""? A:","['besen', 'hut']",besen,besen
"F: In alphabetischer Reihenfolge, welches der Wörter ""Biene"" und ""Glas"" kommt zuerst? A:","['biene', 'glas']",biene,biene
"F: In alphabetischer Reihenfolge, welches der Wörter ""Glocke"" und ""Birne"" kommt zuerst? A:","['glocke', 'birne']",birne,birne
"F: In alphabetischer Reihenfolge, welches der Wörter ""Brille"" und ""Holz"" kommt zuerst? A:","['brille', 'holz']",brille,brille
"F: In alphabetischer Reihenfolge, welches der Wörter ""Karte"" und ""Anker"" kommt zuerst? A:","['karte', 'anker']",anker,anker
"F: In alphabetischer Reihenfolge, welches der Wörter ""Apfel"" und ""Löffel"" kommt zuerst? A:","['apfel', 'löffel']",apfel,apfel
"F: In alphabetischer Reihenfolge, welches Wort kommt zuerst, ""Kaffee"" oder ""Chef""? A:","['kaffee', 'chef']",chef,chef
"F: In alphabetischer Reihenfolge, welches Wort kommt zuerst, ""Clown"" oder ""Gans""? A:","['clown', 'gans']",clown,clown
"F: In alphabetischer Reihenfolge, welches Wort kommt zuerst, ""Gurke"" oder ""Chor""? A:","['gurke', 'chor']",chor,chor
"F: In alphabetischer Reihenfolge, welches Wort kommt zuerst, ""Café"" oder ""Kiste""? A:","['café', 'kiste']",café,café
"F: In alphabetischer Reihenfolge, welches der Wörter ""Input"" und ""Ast"" kommt zuerst? A:","['input', 'ast']",ast,ast
"F: In alphabetischer Reihenfolge, welches Wort kommt zuerst, ""Kissen"" oder ""Dorf""? A:","['kissen', 'dorf']",dorf,dorf
"Welches von den Wörtern ""Iglu"" und ""Echo"", kommt alphabetisch zuerst? ","['iglu', 'echo']",echo,echo
"Welches von den Wörtern ""Erde"" und ""Lied"", kommt alphabetisch zuerst? ","['erde', 'lied']",erde,lied
"F: In alphabetischer Reihenfolge, welches Wort kommt zuerst, ""Löffel"" oder ""Dach""? A:","['löffel', 'dach']",dach,dach
"F: In alphabetischer Reihenfolge, welches der Wörter ""Ampel"" und ""Kuh"" kommt zuerst? A:","['ampel', 'kuh']",ampel,kuh
"F: In alphabetischer Reihenfolge, welches der Wörter ""Blume"" und ""Journal"" kommt zuerst? A:","['blume', 'journal']",blume,blume
"Welches von den Wörtern ""Esel"" und ""Iris"", kommt alphabetisch zuerst? ","['esel', 'iris']",esel,esel
"Welches von den Wörtern ""Index"" und ""Erde"", kommt alphabetisch zuerst? ","['index', 'erde']",erde,erde
"Welches von den Wörtern ""Ente"" und ""Holz"", kommt alphabetisch zuerst? ","['ente', 'holz']",ente,ente
"Welches von den Wörtern ""Elch"" und ""Glocke"", kommt alphabetisch zuerst? ","['elch', 'glocke']",elch,glocke
"F: In alphabetischer Reihenfolge, welches Wort kommt zuerst, ""Inhalt"" oder ""Drucker""? A:","['inhalt', 'drucker']",drucker,drucker
"F: In alphabetischer Reihenfolge, welches Wort kommt zuerst, ""Drucker"" oder ""Hammer""? A:","['drucker', 'hammer']",drucker,drucker
"F: In alphabetischer Reihenfolge, welches der Wörter ""Ball"" und ""Indigo"" kommt zuerst? A:","['ball', 'indigo']",ball,ball
"F: In alphabetischer Reihenfolge, welches Wort kommt zuerst, ""Gans"" oder ""Drucker""? A:","['gans', 'drucker']",drucker,drucker
"Welches von den Wörtern ""Drache"" und ""Igel"", kommt alphabetisch zuerst? ","['drache', 'igel']",drache,drache
"F: In alphabetischer Reihenfolge, welches der Wörter ""Alge"" und ""Juwel"" kommt zuerst? A:","['alge', 'juwel']",alge,alge
"Welches von den Wörtern ""Lampe"" und ""Elch"", kommt alphabetisch zuerst? ","['lampe', 'elch']",elch,lampe
"F: In alphabetischer Reihenfolge, welches Wort kommt zuerst, ""Haus"" oder ""Creme""? A:","['haus', 'creme']",creme,creme
"Welches von den Wörtern ""Gabel"" und ""Elch"", kommt alphabetisch zuerst? ","['gabel', 'elch']",elch,elch
"Welches von den Wörtern ""Igel"" und ""Fuchs"", kommt alphabetisch zuerst? ","['igel', 'fuchs']",fuchs,fuchs
"F: In alphabetischer Reihenfolge, welches der Wörter ""Auto"" und ""Karte"" kommt zuerst? A:","['auto', 'karte']",auto,auto
"F: In alphabetischer Reihenfolge, welches Wort kommt zuerst, ""Löffel"" oder ""Chili""? A:","['löffel', 'chili']",chili,chili
"Welches von den Wörtern ""Erdbeere"" und ""Keks"", kommt alphabetisch zuerst? ","['erdbeere', 'keks']",erdbeere,erdbeere
"F: In alphabetischer Reihenfolge, welches Wort kommt zuerst, ""Gold"" oder ""Clown""? A:","['gold', 'clown']",clown,clown
"F: In alphabetischer Reihenfolge, welches Wort kommt zuerst, ""Decke"" oder ""Garten""? A:","['decke', 'garten']",decke,decke
"F: In alphabetischer Reihenfolge, welches der Wörter ""Atlas"" und ""Jacke"" kommt zuerst? A:","['atlas', 'jacke']",atlas,atlas
"Welches von den Wörtern ""Karte"" und ""Eule"", kommt alphabetisch zuerst? ","['karte', 'eule']",eule,eule
"Welches von den Wörtern ""Ente"" und ""Jury"", kommt alphabetisch zuerst? ","['ente', 'jury']",ente,ente
"F: In alphabetischer Reihenfolge, welches der Wörter ""Gitter"" und ""Ameise"" kommt zuerst? A:","['gitter', 'ameise']",ameise,gitter
"F: In alphabetischer Reihenfolge, welches Wort kommt zuerst, ""Dose"" oder ""Insel""? A:","['dose', 'insel']",dose,dose
"Welches von den Wörtern ""Dame"" und ""Junge"", kommt alphabetisch zuerst? ","['dame', 'junge']",dame,dame
"F: In alphabetischer Reihenfolge, welches der Wörter ""Apfel"" und ""Kamm"" kommt zuerst? A:","['apfel', 'kamm']",apfel,apfel
"F: In alphabetischer Reihenfolge, welches der Wörter ""Ideal"" und ""Blume"" kommt zuerst? A:","['ideal', 'blume']",blume,blume
"F: In alphabetischer Reihenfolge, welches Wort kommt zuerst, ""Chip"" oder ""Hafen""? A:","['chip', 'hafen']",chip,chip
"F: In alphabetischer Reihenfolge, welches Wort kommt zuerst, ""Chili"" oder ""Igel""? A:","['chili', 'igel']",chili,chili
"F: In alphabetischer Reihenfolge, welches der Wörter ""Jasmin"" und ""Brille"" kommt zuerst? A:","['jasmin', 'brille']",brille,brille
"F: In alphabetischer Reihenfolge, welches Wort kommt zuerst, ""Dialog"" oder ""Kaffee""? A:","['dialog', 'kaffee']",dialog,dialog
"F: In alphabetischer Reihenfolge, welches der Wörter ""Gitarre"" und ""Apotheke"" kommt zuerst? A:","['gitarre', 'apotheke']",apotheke,apotheke
"F: In alphabetischer Reihenfolge, welches der Wörter ""Ampel"" und ""Jaguar"" kommt zuerst? A:","['ampel', 'jaguar']",ampel,jaguar
"F: In alphabetischer Reihenfolge, welches Wort kommt zuerst, ""Chip"" oder ""Karte""? A:","['chip', 'karte']",chip,chip
"Welches von den Wörtern ""Feuer"" und ""Herz"", kommt alphabetisch zuerst? ","['feuer', 'herz']",feuer,feuer
"F: In alphabetischer Reihenfolge, welches der Wörter ""Hut"" und ""Ast"" kommt zuerst? A:","['hut', 'ast']",ast,ast
"Welches von den Wörtern ""Keks"" und ""Fuchs"", kommt alphabetisch zuerst? ","['keks', 'fuchs']",fuchs,fuchs
"Welches von den Wörtern ""Dattel"" und ""Haus"", kommt alphabetisch zuerst? ","['dattel', 'haus']",dattel,dattel
"F: In alphabetischer Reihenfolge, welches der Wörter ""Ast"" und ""Garten"" kommt zuerst? A:","['ast', 'garten']",ast,ast
"Welches von den Wörtern ""Dezember"" und ""Kiste"", kommt alphabetisch zuerst? ","['dezember', 'kiste']",dezember,dezember
"F: In alphabetischer Reihenfolge, welches der Wörter ""Garten"" und ""Apfel"" kommt zuerst? A:","['garten', 'apfel']",apfel,apfel
"F: In alphabetischer Reihenfolge, welches der Wörter ""Auto"" und ""Joystick"" kommt zuerst? A:","['auto', 'joystick']",auto,auto
"F: In alphabetischer Reihenfolge, welches Wort kommt zuerst, ""Glocke"" oder ""Clown""? A:","['glocke', 'clown']",clown,clown
"F: In alphabetischer Reihenfolge, welches Wort kommt zuerst, ""Herz"" oder ""Dialog""? A:","['herz', 'dialog']",dialog,dialog
"Welches von den Wörtern ""Leiter"" und ""Fenster"", kommt alphabetisch zuerst? ","['leiter', 'fenster']",fenster,fenster
"F: In alphabetischer Reihenfolge, welches Wort kommt zuerst, ""Löffel"" oder ""Clown""? A:","['löffel', 'clown']",clown,clown
"F: In alphabetischer Reihenfolge, welches der Wörter ""Biene"" und ""Kaffee"" kommt zuerst? A:","['biene', 'kaffee']",biene,biene
"F: In alphabetischer Reihenfolge, welches Wort kommt zuerst, ""Haus"" oder ""Decke""? A:","['haus', 'decke']",decke,decke
"F: In alphabetischer Reihenfolge, welches Wort kommt zuerst, ""Kamm"" oder ""Chef""? A:","['kamm', 'chef']",chef,chef
"Welches von den Wörtern ""Dame"" und ""Index"", kommt alphabetisch zuerst? ","['dame', 'index']",dame,dame
"F: In alphabetischer Reihenfolge, welches Wort kommt zuerst, ""Drache"" oder ""Hut""? A:","['drache', 'hut']",drache,drache
"F: In alphabetischer Reihenfolge, welches der Wörter ""Lager"" und ""Brille"" kommt zuerst? A:","['lager', 'brille']",brille,brille
"F: In alphabetischer Reihenfolge, welches der Wörter ""Biene"" und ""Lampe"" kommt zuerst? A:","['biene', 'lampe']",biene,biene
"F: In alphabetischer Reihenfolge, welches der Wörter ""Kuh"" und ""Brett"" kommt zuerst? A:","['kuh', 'brett']",brett,brett
"Welches von den Wörtern ""Hafen"" und ""Erdbeere"", kommt alphabetisch zuerst? ","['hafen', 'erdbeere']",erdbeere,erdbeere
"F: In alphabetischer Reihenfolge, welches Wort kommt zuerst, ""Lager"" oder ""Creme""? A:","['lager', 'creme']",creme,creme
"F: In alphabetischer Reihenfolge, welches Wort kommt zuerst, ""Lager"" oder ""Decke""? A:","['lager', 'decke']",decke,decke
"F: In alphabetischer Reihenfolge, welches Wort kommt zuerst, ""Jaguar"" oder ""Decke""? A:","['jaguar', 'decke']",decke,decke
"F: In alphabetischer Reihenfolge, welches der Wörter ""Brett"" und ""Keks"" kommt zuerst? A:","['brett', 'keks']",brett,brett
"F: In alphabetischer Reihenfolge, welches der Wörter ""Löffel"" und ""Atlas"" kommt zuerst? A:","['löffel', 'atlas']",atlas,atlas
"F: In alphabetischer Reihenfolge, welches der Wörter ""Jacke"" und ""Ameise"" kommt zuerst? A:","['jacke', 'ameise']",ameise,jacke
"F: In alphabetischer Reihenfolge, welches Wort kommt zuerst, ""Gabel"" oder ""Decke""? A:","['gabel', 'decke']",decke,decke
"F: In alphabetischer Reihenfolge, welches Wort kommt zuerst, ""Heft"" oder ""Brücke""? A:","['heft', 'brücke']",brücke,brücke
"Welches von den Wörtern ""Esel"" und ""Jeans"", kommt alphabetisch zuerst? ","['esel', 'jeans']",esel,esel
"Welches von den Wörtern ""Elch"" und ""Lied"", kommt alphabetisch zuerst? ","['elch', 'lied']",elch,elch
"F: In alphabetischer Reihenfolge, welches Wort kommt zuerst, ""Glas"" oder ""Clown""? A:","['glas', 'clown']",clown,clown
"Welches von den Wörtern ""Hemd"" und ""Esel"", kommt alphabetisch zuerst? ","['hemd', 'esel']",esel,esel
"Welches von den Wörtern ""Index"" und ""Fisch"", kommt alphabetisch zuerst? ","['index', 'fisch']",fisch,fisch
"Welches von den Wörtern ""Eimer"" und ""Ideal"", kommt alphabetisch zuerst? ","['eimer', 'ideal']",eimer,eimer
"F: In alphabetischer Reihenfolge, welches der Wörter ""Haus"" und ""Abend"" kommt zuerst? A:","['haus', 'abend']",abend,abend
"Welches von den Wörtern ""Heft"" und ""Dame"", kommt alphabetisch zuerst? ","['heft', 'dame']",dame,dame
"Welches von den Wörtern ""Glocke"" und ""Erdbeere"", kommt alphabetisch zuerst? ","['glocke', 'erdbeere']",erdbeere,erdbeere
"Welches von den Wörtern ""Jeans"" und ""Drache"", kommt alphabetisch zuerst? ","['jeans', 'drache']",drache,drache
"F: In alphabetischer Reihenfolge, welches der Wörter ""Lampe"" und ""Anker"" kommt zuerst? A:","['lampe', 'anker']",anker,anker
"F: In alphabetischer Reihenfolge, welches Wort kommt zuerst, ""Ideal"" oder ""Drucker""? A:","['ideal', 'drucker']",drucker,drucker
"Welches von den Wörtern ""Fenster"" und ""Heft"", kommt alphabetisch zuerst? ","['fenster', 'heft']",fenster,fenster
"F: In alphabetischer Reihenfolge, welches der Wörter ""Burg"" und ""Kugel"" kommt zuerst? A:","['burg', 'kugel']",burg,burg
"Welches von den Wörtern ""Dame"" und ""Igel"", kommt alphabetisch zuerst? ","['dame', 'igel']",dame,dame
"F: In alphabetischer Reihenfolge, welches der Wörter ""Apotheke"" und ""Indigo"" kommt zuerst? A:","['apotheke', 'indigo']",apotheke,apotheke
"F: In alphabetischer Reihenfolge, welches Wort kommt zuerst, ""Dach"" oder ""Gurke""? A:","['dach', 'gurke']",dach,dach
"F: In alphabetischer Reihenfolge, welches der Wörter ""Ameise"" und ""Heft"" kommt zuerst? A:","['ameise', 'heft']",ameise,heft
"Welches von den Wörtern ""Erde"" und ""Keks"", kommt alphabetisch zuerst? ","['erde', 'keks']",erde,keks
"F: In alphabetischer Reihenfolge, welches Wort kommt zuerst, ""Heft"" oder ""Chip""? A:","['heft', 'chip']",chip,chip
"Welches von den Wörtern ""Fisch"" und ""Gitter"", kommt alphabetisch zuerst? ","['fisch', 'gitter']",fisch,fisch
"F: In alphabetischer Reihenfolge, welches Wort kommt zuerst, ""Gitarre"" oder ""Dose""? A:","['gitarre', 'dose']",dose,dose
"F: In alphabetischer Reihenfolge, welches Wort kommt zuerst, ""Drucker"" oder ""Karte""? A:","['drucker', 'karte']",drucker,drucker
"F: In alphabetischer Reihenfolge, welches der Wörter ""Anker"" und ""Input"" kommt zuerst? A:","['anker', 'input']",anker,anker
"F: In alphabetischer Reihenfolge, welches der Wörter ""Gans"" und ""Buch"" kommt zuerst? A:","['gans', 'buch']",buch,buch
"F: In alphabetischer Reihenfolge, welches Wort kommt zuerst, ""Dose"" oder ""Kuh""? A:","['dose', 'kuh']",dose,dose
"F: In alphabetischer Reihenfolge, welches Wort kommt zuerst, ""Kissen"" oder ""Creme""? A:","['kissen', 'creme']",creme,creme
"F: In alphabetischer Reihenfolge, welches der Wörter ""Hafen"" und ""Ampel"" kommt zuerst? A:","['hafen', 'ampel']",ampel,hafen
"Welches von den Wörtern ""Eule"" und ""Joghurt"", kommt alphabetisch zuerst? ","['eule', 'joghurt']",eule,joghurt
"Welches von den Wörtern ""Ente"" und ""Index"", kommt alphabetisch zuerst? ","['ente', 'index']",ente,ente
"F: In alphabetischer Reihenfolge, welches der Wörter ""Ast"" und ""Jasmin"" kommt zuerst? A:","['ast', 'jasmin']",ast,jasmin
"Welches von den Wörtern ""Fuchs"" und ""Hemd"", kommt alphabetisch zuerst? ","['fuchs', 'hemd']",fuchs,fuchs
"Welches von den Wörtern ""Haus"" und ""Erde"", kommt alphabetisch zuerst? ","['haus', 'erde']",erde,haus
"F: In alphabetischer Reihenfolge, welches Wort kommt zuerst, ""Chor"" oder ""Holz""? A:","['chor', 'holz']",chor,chor
"F: In alphabetischer Reihenfolge, welches der Wörter ""Karte"" und ""Biene"" kommt zuerst? A:","['karte', 'biene']",biene,biene
"Welches von den Wörtern ""Fisch"" und ""Gabel"", kommt alphabetisch zuerst? ","['fisch', 'gabel']",fisch,fisch
"F: In alphabetischer Reihenfolge, welches Wort kommt zuerst, ""Gitarre"" oder ""Chili""? A:","['gitarre', 'chili']",chili,chili
"Welches von den Wörtern ""Kugel"" und ""Eimer"", kommt alphabetisch zuerst? ","['kugel', 'eimer']",eimer,eimer
"F: In alphabetischer Reihenfolge, welches Wort kommt zuerst, ""Decke"" oder ""Joghurt""? A:","['decke', 'joghurt']",decke,decke
"F: In alphabetischer Reihenfolge, welches der Wörter ""Kaffee"" und ""Ast"" kommt zuerst? A:","['kaffee', 'ast']",ast,ast
"F: In alphabetischer Reihenfolge, welches Wort kommt zuerst, ""Dose"" oder ""Kerze""? A:","['dose', 'kerze']",dose,dose
"F: In alphabetischer Reihenfolge, welches der Wörter ""Abend"" und ""Iglu"" kommt zuerst? A:","['abend', 'iglu']",abend,abend
"Welches von den Wörtern ""Echo"" und ""Jasmin"", kommt alphabetisch zuerst? ","['echo', 'jasmin']",echo,echo
"F: In alphabetischer Reihenfolge, welches Wort kommt zuerst, ""Drucker"" oder ""Indigo""? A:","['drucker', 'indigo']",drucker,drucker
"Welches von den Wörtern ""Gabel"" und ""Fuchs"", kommt alphabetisch zuerst? ","['gabel', 'fuchs']",fuchs,fuchs
"F: In alphabetischer Reihenfolge, welches der Wörter ""Hose"" und ""Alge"" kommt zuerst? A:","['hose', 'alge']",alge,alge
"F: In alphabetischer Reihenfolge, welches der Wörter ""Hemd"" und ""Ameise"" kommt zuerst? A:","['hemd', 'ameise']",ameise,hemd
"F: In alphabetischer Reihenfolge, welches der Wörter ""Ameise"" und ""Inhalt"" kommt zuerst? A:","['ameise', 'inhalt']",ameise,inhalt
"Welches von den Wörtern ""Leiter"" und ""Ente"", kommt alphabetisch zuerst? ","['leiter', 'ente']",ente,ente
"F: In alphabetischer Reihenfolge, welches Wort kommt zuerst, ""Computer"" oder ""Lager""? A:","['computer', 'lager']",computer,computer
"F: In alphabetischer Reihenfolge, welches Wort kommt zuerst, ""Kerze"" oder ""Dorf""? A:","['kerze', 'dorf']",dorf,dorf
"F: In alphabetischer Reihenfolge, welches der Wörter ""Input"" und ""Biene"" kommt zuerst? A:","['input', 'biene']",biene,biene
"F: In alphabetischer Reihenfolge, welches Wort kommt zuerst, ""Besen"" oder ""Kissen""? A:","['besen', 'kissen']",besen,besen
"F: In alphabetischer Reihenfolge, welches Wort kommt zuerst, ""Dialog"" oder ""Kerze""? A:","['dialog', 'kerze']",dialog,dialog
"F: In alphabetischer Reihenfolge, welches der Wörter ""Jaguar"" und ""Abend"" kommt zuerst? A:","['jaguar', 'abend']",abend,abend
"F: In alphabetischer Reihenfolge, welches Wort kommt zuerst, ""Jasmin"" oder ""Besen""? A:","['jasmin', 'besen']",besen,besen
"Welches von den Wörtern ""Eule"" und ""Herz"", kommt alphabetisch zuerst? ","['eule', 'herz']",eule,eule
"F: In alphabetischer Reihenfolge, welches der Wörter ""Apotheke"" und ""Jaguar"" kommt zuerst? A:","['apotheke', 'jaguar']",apotheke,apotheke
"Welches von den Wörtern ""Küche"" und ""Elch"", kommt alphabetisch zuerst? ","['küche', 'elch']",elch,elch
"F: In alphabetischer Reihenfolge, welches der Wörter ""Insel"" und ""Brille"" kommt zuerst? A:","['insel', 'brille']",brille,brille
"F: In alphabetischer Reihenfolge, welches der Wörter ""Jury"" und ""Anker"" kommt zuerst? A:","['jury', 'anker']",anker,anker
"F: In alphabetischer Reihenfolge, welches Wort kommt zuerst, ""Hafen"" oder ""Chili""? A:","['hafen', 'chili']",chili,chili
"F: In alphabetischer Reihenfolge, welches Wort kommt zuerst, ""Drache"" oder ""Hafen""? A:","['drache', 'hafen']",drache,hafen
"F: In alphabetischer Reihenfolge, welches der Wörter ""Ameise"" und ""Karte"" kommt zuerst? A:","['ameise', 'karte']",ameise,karte
"Welches von den Wörtern ""Keks"" und ""Echo"", kommt alphabetisch zuerst? ","['keks', 'echo']",echo,echo
"F: In alphabetischer Reihenfolge, welches Wort kommt zuerst, ""Dialog"" oder ""Indigo""? A:","['dialog', 'indigo']",dialog,dialog
"F: In alphabetischer Reihenfolge, welches Wort kommt zuerst, ""Creme"" oder ""Kiste""? A:","['creme', 'kiste']",creme,creme
"Welches von den Wörtern ""Dame"" und ""Gurke"", kommt alphabetisch zuerst? ","['dame', 'gurke']",dame,dame
"Welches von den Wörtern ""Dame"" und ""Gummi"", kommt alphabetisch zuerst? ","['dame', 'gummi']",dame,dame
"F: In alphabetischer Reihenfolge, welches der Wörter ""Holz"" und ""Buch"" kommt zuerst? A:","['holz', 'buch']",buch,buch
"Welches von den Wörtern ""Gurke"" und ""Eimer"", kommt alphabetisch zuerst? ","['gurke', 'eimer']",eimer,eimer
"Welches von den Wörtern ""Glas"" und ""Dezember"", kommt alphabetisch zuerst? ","['glas', 'dezember']",dezember,dezember
"F: In alphabetischer Reihenfolge, welches Wort kommt zuerst, ""Gans"" oder ""Dose""? A:","['gans', 'dose']",dose,dose
"F: In alphabetischer Reihenfolge, welches Wort kommt zuerst, ""Lied"" oder ""Chili""? A:","['lied', 'chili']",chili,chili
"Welches von den Wörtern ""Dezember"" und ""Joghurt"", kommt alphabetisch zuerst? ","['dezember', 'joghurt']",dezember,dezember
"F: In alphabetischer Reihenfolge, welches der Wörter ""Ball"" und ""Intelligenz"" kommt zuerst? A:","['ball', 'intelligenz']",ball,ball
"F: In alphabetischer Reihenfolge, welches der Wörter ""Ideal"" und ""Ampel"" kommt zuerst? A:","['ideal', 'ampel']",ampel,ideal
"F: In alphabetischer Reihenfolge, welches der Wörter ""Jeans"" und ""Apfel"" kommt zuerst? A:","['jeans', 'apfel']",apfel,apfel
"F: In alphabetischer Reihenfolge, welches der Wörter ""Atlas"" und ""Index"" kommt zuerst? A:","['atlas', 'index']",atlas,atlas
"F: In alphabetischer Reihenfolge, welches Wort kommt zuerst, ""Decke"" oder ""Kissen""? A:","['decke', 'kissen']",decke,decke
"Welches von den Wörtern ""Eimer"" und ""Hemd"", kommt alphabetisch zuerst? ","['eimer', 'hemd']",eimer,eimer
"F: In alphabetischer Reihenfolge, welches Wort kommt zuerst, ""Creme"" oder ""Gitarre""? A:","['creme', 'gitarre']",creme,creme
"F: In alphabetischer Reihenfolge, welches Wort kommt zuerst, ""Inhalt"" oder ""Café""? A:","['inhalt', 'café']",café,café
"F: In alphabetischer Reihenfolge, welches der Wörter ""Hemd"" und ""Ball"" kommt zuerst? A:","['hemd', 'ball']",ball,ball
"Welches von den Wörtern ""Feuer"" und ""Igel"", kommt alphabetisch zuerst? ","['feuer', 'igel']",feuer,feuer
"F: In alphabetischer Reihenfolge, welches Wort kommt zuerst, ""Jasmin"" oder ""Computer""? A:","['jasmin', 'computer']",computer,computer
"F: In alphabetischer Reihenfolge, welches der Wörter ""Holz"" und ""Abend"" kommt zuerst? A:","['holz', 'abend']",abend,abend
"F: In alphabetischer Reihenfolge, welches der Wörter ""Index"" und ""Alge"" kommt zuerst? A:","['index', 'alge']",alge,alge
"Welches von den Wörtern ""Junge"" und ""Eimer"", kommt alphabetisch zuerst? ","['junge', 'eimer']",eimer,eimer
"F: In alphabetischer Reihenfolge, welches Wort kommt zuerst, ""Besen"" oder ""Journal""? A:","['besen', 'journal']",besen,besen
"F: In alphabetischer Reihenfolge, welches der Wörter ""Ampel"" und ""Joghurt"" kommt zuerst? A:","['ampel', 'joghurt']",ampel,joghurt
"F: In alphabetischer Reihenfolge, welches Wort kommt zuerst, ""Chaos"" oder ""Hafen""? A:","['chaos', 'hafen']",chaos,chaos
"F: In alphabetischer Reihenfolge, welches Wort kommt zuerst, ""Herz"" oder ""Drucker""? A:","['herz', 'drucker']",drucker,drucker
"Welches von den Wörtern ""Eiche"" und ""Karte"", kommt alphabetisch zuerst? ","['eiche', 'karte']",eiche,eiche
"F: In alphabetischer Reihenfolge, welches der Wörter ""Juwel"" und ""Anker"" kommt zuerst? A:","['juwel', 'anker']",anker,anker
"F: In alphabetischer Reihenfolge, welches der Wörter ""Garten"" und ""Birne"" kommt zuerst? A:","['garten', 'birne']",birne,birne
"F: In alphabetischer Reihenfolge, welches Wort kommt zuerst, ""Lager"" oder ""Besen""? A:","['lager', 'besen']",besen,besen
"F: In alphabetischer Reihenfolge, welches der Wörter ""Hügel"" und ""Buch"" kommt zuerst? A:","['hügel', 'buch']",buch,buch
"F: In alphabetischer Reihenfolge, welches Wort kommt zuerst, ""Inhalt"" oder ""Dose""? A:","['inhalt', 'dose']",dose,dose
"Welches von den Wörtern ""Hafen"" und ""Eiche"", kommt alphabetisch zuerst? ","['hafen', 'eiche']",eiche,eiche
"F: In alphabetischer Reihenfolge, welches der Wörter ""Jeans"" und ""Brille"" kommt zuerst? A:","['jeans', 'brille']",brille,brille
"Welches von den Wörtern ""Leiter"" und ""Eis"", kommt alphabetisch zuerst? ","['leiter', 'eis']",eis,eis
"F: In alphabetischer Reihenfolge, welches der Wörter ""Ball"" und ""Kuh"" kommt zuerst? A:","['ball', 'kuh']",ball,ball
"Welches von den Wörtern ""Lampe"" und ""Drache"", kommt alphabetisch zuerst? ","['lampe', 'drache']",drache,drache
"F: In alphabetischer Reihenfolge, welches Wort kommt zuerst, ""Glocke"" oder ""Dach""? A:","['glocke', 'dach']",dach,dach
"F: In alphabetischer Reihenfolge, welches der Wörter ""Alge"" und ""Jacke"" kommt zuerst? A:","['alge', 'jacke']",alge,alge
"F: In alphabetischer Reihenfolge, welches der Wörter ""Glas"" und ""Abend"" kommt zuerst? A:","['glas', 'abend']",abend,abend
"F: In alphabetischer Reihenfolge, welches Wort kommt zuerst, ""Heft"" oder ""Chef""? A:","['heft', 'chef']",chef,chef
"F: In alphabetischer Reihenfolge, welches der Wörter ""Abend"" und ""Karte"" kommt zuerst? A:","['abend', 'karte']",abend,abend
"F: In alphabetischer Reihenfolge, welches der Wörter ""Gitarre"" und ""Brett"" kommt zuerst? A:","['gitarre', 'brett']",brett,brett
"Welches von den Wörtern ""Eiche"" und ""Juwel"", kommt alphabetisch zuerst? ","['eiche', 'juwel']",eiche,eiche
"F: In alphabetischer Reihenfolge, welches Wort kommt zuerst, ""Brücke"" oder ""Joystick""? A:","['brücke', 'joystick']",brücke,brücke
"F: In alphabetischer Reihenfolge, welches Wort kommt zuerst, ""Juwel"" oder ""Clown""? A:","['juwel', 'clown']",clown,clown
"F: In alphabetischer Reihenfolge, welches der Wörter ""Ameise"" und ""Haus"" kommt zuerst? A:","['ameise', 'haus']",ameise,haus
"F: In alphabetischer Reihenfolge, welches Wort kommt zuerst, ""Brücke"" oder ""Keks""? A:","['brücke', 'keks']",brücke,brücke
"Welches von den Wörtern ""Erde"" und ""Gans"", kommt alphabetisch zuerst? ","['erde', 'gans']",erde,gans
"Welches von den Wörtern ""Fahrrad"" und ""Kerze"", kommt alphabetisch zuerst? ","['fahrrad', 'kerze']",fahrrad,fahrrad
"F: In alphabetischer Reihenfolge, welches Wort kommt zuerst, ""Dialog"" oder ""Jaguar""? A:","['dialog', 'jaguar']",dialog,dialog
"Welches von den Wörtern ""Echo"" und ""Kerze"", kommt alphabetisch zuerst? ","['echo', 'kerze']",echo,echo
"Welches von den Wörtern ""Dezember"" und ""Glocke"", kommt alphabetisch zuerst? ","['dezember', 'glocke']",dezember,dezember
"Welches von den Wörtern ""Dame"" und ""Haus"", kommt alphabetisch zuerst? ","['dame', 'haus']",dame,dame
"F: In alphabetischer Reihenfolge, welches Wort kommt zuerst, ""Herz"" oder ""Café""? A:","['herz', 'café']",café,café
"F: In alphabetischer Reihenfolge, welches Wort kommt zuerst, ""Insel"" oder ""Dorf""? A:","['insel', 'dorf']",dorf,dorf
"F: In alphabetischer Reihenfolge, welches der Wörter ""Hafen"" und ""Ameise"" kommt zuerst? A:","['hafen', 'ameise']",ameise,hafen
"F: In alphabetischer Reihenfolge, welches Wort kommt zuerst, ""Joghurt"" oder ""Brücke""? A:","['joghurt', 'brücke']",brücke,brücke
"F: In alphabetischer Reihenfolge, welches der Wörter ""Küche"" und ""Buch"" kommt zuerst? A:","['küche', 'buch']",buch,buch
"Welches von den Wörtern ""Dame"" und ""Kamm"", kommt alphabetisch zuerst? ","['dame', 'kamm']",dame,dame
"Welches von den Wörtern ""Eiche"" und ""Gitarre"", kommt alphabetisch zuerst? ","['eiche', 'gitarre']",eiche,eiche
"Welches von den Wörtern ""Echo"" und ""Inhalt"", kommt alphabetisch zuerst? ","['echo', 'inhalt']",echo,echo
"Welches von den Wörtern ""Jury"" und ""Fisch"", kommt alphabetisch zuerst? ","['jury', 'fisch']",fisch,fisch
"F: In alphabetischer Reihenfolge, welches der Wörter ""Joystick"" und ""Abend"" kommt zuerst? A:","['joystick', 'abend']",abend,abend
"F: In alphabetischer Reihenfolge, welches Wort kommt zuerst, ""Kiste"" oder ""Dialog""? A:","['kiste', 'dialog']",dialog,dialog
"F: In alphabetischer Reihenfolge, welches Wort kommt zuerst, ""Hafen"" oder ""Brücke""? A:","['hafen', 'brücke']",brücke,brücke
"Welches von den Wörtern ""Hemd"" und ""Ente"", kommt alphabetisch zuerst? ","['hemd', 'ente']",ente,ente
"F: In alphabetischer Reihenfolge, welches der Wörter ""Jaguar"" und ""Ast"" kommt zuerst? A:","['jaguar', 'ast']",ast,ast
"F: In alphabetischer Reihenfolge, welches Wort kommt zuerst, ""Couch"" oder ""Glas""? A:","['couch', 'glas']",couch,couch
"F: In alphabetischer Reihenfolge, welches Wort kommt zuerst, ""Couch"" oder ""Gurke""? A:","['couch', 'gurke']",couch,couch
"Welches von den Wörtern ""Hafen"" und ""Fenster"", kommt alphabetisch zuerst? ","['hafen', 'fenster']",fenster,fenster
"F: In alphabetischer Reihenfolge, welches Wort kommt zuerst, ""Couch"" oder ""Iglu""? A:","['couch', 'iglu']",couch,couch
"F: In alphabetischer Reihenfolge, welches der Wörter ""Glocke"" und ""Burg"" kommt zuerst? A:","['glocke', 'burg']",burg,burg
"F: In alphabetischer Reihenfolge, welches der Wörter ""Leiter"" und ""Alge"" kommt zuerst? A:","['leiter', 'alge']",alge,alge
"F: In alphabetischer Reihenfolge, welches Wort kommt zuerst, ""Café"" oder ""Hut""? A:","['café', 'hut']",café,café
"F: In alphabetischer Reihenfolge, welches der Wörter ""Burg"" und ""Junge"" kommt zuerst? A:","['burg', 'junge']",burg,burg
"F: In alphabetischer Reihenfolge, welches der Wörter ""Jacke"" und ""Abend"" kommt zuerst? A:","['jacke', 'abend']",abend,abend
"F: In alphabetischer Reihenfolge, welches der Wörter ""Brille"" und ""Heft"" kommt zuerst? A:","['brille', 'heft']",brille,brille
"F: In alphabetischer Reihenfolge, welches der Wörter ""Gummi"" und ""Besen"" kommt zuerst? A:","['gummi', 'besen']",besen,besen
"F: In alphabetischer Reihenfolge, welches Wort kommt zuerst, ""Juwel"" oder ""Dach""? A:","['juwel', 'dach']",dach,dach
"F: In alphabetischer Reihenfolge, welches der Wörter ""Junge"" und ""Apfel"" kommt zuerst? A:","['junge', 'apfel']",apfel,apfel
"Welches von den Wörtern ""Fuchs"" und ""Junge"", kommt alphabetisch zuerst? ","['fuchs', 'junge']",fuchs,fuchs
"F: In alphabetischer Reihenfolge, welches der Wörter ""Atlas"" und ""Jaguar"" kommt zuerst? A:","['atlas', 'jaguar']",atlas,atlas
"F: In alphabetischer Reihenfolge, welches der Wörter ""Ast"" und ""Herz"" kommt zuerst? A:","['ast', 'herz']",ast,ast
"Welches von den Wörtern ""Fisch"" und ""Gummi"", kommt alphabetisch zuerst? ","['fisch', 'gummi']",fisch,fisch
"Welches von den Wörtern ""Erde"" und ""Kiste"", kommt alphabetisch zuerst? ","['erde', 'kiste']",erde,erde
"F: In alphabetischer Reihenfolge, welches Wort kommt zuerst, ""Computer"" oder ""Hügel""? A:","['computer', 'hügel']",computer,computer
"F: In alphabetischer Reihenfolge, welches Wort kommt zuerst, ""Karte"" oder ""Café""? A:","['karte', 'café']",café,café
"F: In alphabetischer Reihenfolge, welches Wort kommt zuerst, ""Dialog"" oder ""Gold""? A:","['dialog', 'gold']",dialog,dialog
"Welches von den Wörtern ""Elch"" und ""Iris"", kommt alphabetisch zuerst? ","['elch', 'iris']",elch,elch
"F: In alphabetischer Reihenfolge, welches der Wörter ""Ball"" und ""Holz"" kommt zuerst? A:","['ball', 'holz']",ball,ball
"Welches von den Wörtern ""Eule"" und ""Löffel"", kommt alphabetisch zuerst? ","['eule', 'löffel']",eule,eule
"Welches von den Wörtern ""Eiche"" und ""Gummi"", kommt alphabetisch zuerst? ","['eiche', 'gummi']",eiche,gummi
"F: In alphabetischer Reihenfolge, welches der Wörter ""Atlas"" und ""Holz"" kommt zuerst? A:","['atlas', 'holz']",atlas,atlas
"F: In alphabetischer Reihenfolge, welches der Wörter ""Küche"" und ""Atlas"" kommt zuerst? A:","['küche', 'atlas']",atlas,atlas
"F: In alphabetischer Reihenfolge, welches Wort kommt zuerst, ""Löffel"" oder ""Couch""? A:","['löffel', 'couch']",couch,couch
"F: In alphabetischer Reihenfolge, welches der Wörter ""Ampel"" und ""Hügel"" kommt zuerst? A:","['ampel', 'hügel']",ampel,hügel
"F: In alphabetischer Reihenfolge, welches Wort kommt zuerst, ""Chor"" oder ""Löffel""? A:","['chor', 'löffel']",chor,chor
"Welches von den Wörtern ""Hose"" und ""Erde"", kommt alphabetisch zuerst? ","['hose', 'erde']",erde,erde
"F: In alphabetischer Reihenfolge, welches der Wörter ""Birne"" und ""Herz"" kommt zuerst? A:","['birne', 'herz']",birne,birne
"F: In alphabetischer Reihenfolge, welches Wort kommt zuerst, ""Glocke"" oder ""Chaos""? A:","['glocke', 'chaos']",chaos,chaos
"F: In alphabetischer Reihenfolge, welches Wort kommt zuerst, ""Café"" oder ""Heft""? A:","['café', 'heft']",café,café
"F: In alphabetischer Reihenfolge, welches Wort kommt zuerst, ""Café"" oder ""Input""? A:","['café', 'input']",café,café
"F: In alphabetischer Reihenfolge, welches der Wörter ""Keks"" und ""Auto"" kommt zuerst? A:","['keks', 'auto']",auto,auto
"F: In alphabetischer Reihenfolge, welches der Wörter ""Gabel"" und ""Apotheke"" kommt zuerst? A:","['gabel', 'apotheke']",apotheke,apotheke
"F: In alphabetischer Reihenfolge, welches Wort kommt zuerst, ""Computer"" oder ""Holz""? A:","['computer', 'holz']",computer,holz
"F: In alphabetischer Reihenfolge, welches der Wörter ""Birne"" und ""Kamm"" kommt zuerst? A:","['birne', 'kamm']",birne,birne
"Welches von den Wörtern ""Eimer"" und ""Jury"", kommt alphabetisch zuerst? ","['eimer', 'jury']",eimer,jury
"F: In alphabetischer Reihenfolge, welches Wort kommt zuerst, ""Küche"" oder ""Chor""? A:","['küche', 'chor']",chor,chor
"Welches von den Wörtern ""Hügel"" und ""Dame"", kommt alphabetisch zuerst? ","['hügel', 'dame']",dame,dame
"F: In alphabetischer Reihenfolge, welches der Wörter ""Ast"" und ""Küche"" kommt zuerst? A:","['ast', 'küche']",ast,ast
"Welches von den Wörtern ""Kugel"" und ""Fenster"", kommt alphabetisch zuerst? ","['kugel', 'fenster']",fenster,fenster
"F: In alphabetischer Reihenfolge, welches Wort kommt zuerst, ""Drucker"" oder ""Glas""? A:","['drucker', 'glas']",drucker,drucker
"F: In alphabetischer Reihenfolge, welches Wort kommt zuerst, ""Chip"" oder ""Index""? A:","['chip', 'index']",chip,chip
"F: In alphabetischer Reihenfolge, welches Wort kommt zuerst, ""Iris"" oder ""Chef""? A:","['iris', 'chef']",chef,chef
"F: In alphabetischer Reihenfolge, welches der Wörter ""Heft"" und ""Blume"" kommt zuerst? A:","['heft', 'blume']",blume,blume
"Welches von den Wörtern ""Dezember"" und ""Gurke"", kommt alphabetisch zuerst? ","['dezember', 'gurke']",dezember,dezember
"Welches von den Wörtern ""Keks"" und ""Drache"", kommt alphabetisch zuerst? ","['keks', 'drache']",drache,drache
"F: In alphabetischer Reihenfolge, welches Wort kommt zuerst, ""Gitter"" oder ""Dorf""? A:","['gitter', 'dorf']",dorf,dorf
"F: In alphabetischer Reihenfolge, welches Wort kommt zuerst, ""Chip"" oder ""Kiste""? A:","['chip', 'kiste']",chip,chip
"F: In alphabetischer Reihenfolge, welches der Wörter ""Anker"" und ""Heft"" kommt zuerst? A:","['anker', 'heft']",anker,anker
"Welches von den Wörtern ""Juwel"" und ""Dezember"", kommt alphabetisch zuerst? ","['juwel', 'dezember']",dezember,dezember
"Welches von den Wörtern ""Eule"" und ""Juwel"", kommt alphabetisch zuerst? ","['eule', 'juwel']",eule,eule
"Welches von den Wörtern ""Ente"" und ""Journal"", kommt alphabetisch zuerst? ","['ente', 'journal']",ente,ente
"F: In alphabetischer Reihenfolge, welches der Wörter ""Keks"" und ""Biene"" kommt zuerst? A:","['keks', 'biene']",biene,biene
"F: In alphabetischer Reihenfolge, welches Wort kommt zuerst, ""Intelligenz"" oder ""Couch""? A:","['intelligenz', 'couch']",couch,couch
"F: In alphabetischer Reihenfolge, welches Wort kommt zuerst, ""Hammer"" oder ""Dach""? A:","['hammer', 'dach']",dach,dach
"F: In alphabetischer Reihenfolge, welches Wort kommt zuerst, ""Herz"" oder ""Couch""? A:","['herz', 'couch']",couch,couch
"F: In alphabetischer Reihenfolge, welches Wort kommt zuerst, ""Couch"" oder ""Gabel""? A:","['couch', 'gabel']",couch,couch
"Welches von den Wörtern ""Kiste"" und ""Fahrrad"", kommt alphabetisch zuerst? ","['kiste', 'fahrrad']",fahrrad,fahrrad
"Welches von den Wörtern ""Insel"" und ""Esel"", kommt alphabetisch zuerst? ","['insel', 'esel']",esel,insel
"F: In alphabetischer Reihenfolge, welches Wort kommt zuerst, ""Creme"" oder ""Kerze""? A:","['creme', 'kerze']",creme,creme
"Welches von den Wörtern ""Esel"" und ""Gurke"", kommt alphabetisch zuerst? ","['esel', 'gurke']",esel,esel
"F: In alphabetischer Reihenfolge, welches Wort kommt zuerst, ""Computer"" oder ""Jeans""? A:","['computer', 'jeans']",computer,computer
"Welches von den Wörtern ""Elch"" und ""Lager"", kommt alphabetisch zuerst? ","['elch', 'lager']",elch,lager
"F: In alphabetischer Reihenfolge, welches der Wörter ""Hemd"" und ""Apotheke"" kommt zuerst? A:","['hemd', 'apotheke']",apotheke,apotheke
"F: In alphabetischer Reihenfolge, welches Wort kommt zuerst, ""Couch"" oder ""Gans""? A:","['couch', 'gans']",couch,couch
"Welches von den Wörtern ""Glocke"" und ""Eule"", kommt alphabetisch zuerst? ","['glocke', 'eule']",eule,eule
"F: In alphabetischer Reihenfolge, welches der Wörter ""Glocke"" und ""Buch"" kommt zuerst? A:","['glocke', 'buch']",buch,buch
"F: In alphabetischer Reihenfolge, welches Wort kommt zuerst, ""Chaos"" oder ""Kamm""? A:","['chaos', 'kamm']",chaos,chaos
"Welches von den Wörtern ""Erde"" und ""Gummi"", kommt alphabetisch zuerst? ","['erde', 'gummi']",erde,gummi
"F: In alphabetischer Reihenfolge, welches der Wörter ""Kissen"" und ""Buch"" kommt zuerst? A:","['kissen', 'buch']",buch,buch
"F: In alphabetischer Reihenfolge, welches Wort kommt zuerst, ""Café"" oder ""Holz""? A:","['café', 'holz']",café,café
"F: In alphabetischer Reihenfolge, welches der Wörter ""Atlas"" und ""Input"" kommt zuerst? A:","['atlas', 'input']",atlas,atlas
"F: In alphabetischer Reihenfolge, welches Wort kommt zuerst, ""Brücke"" oder ""Haus""? A:","['brücke', 'haus']",brücke,brücke
"Welches von den Wörtern ""Eis"" und ""Lied"", kommt alphabetisch zuerst? ","['eis', 'lied']",eis,eis
"F: In alphabetischer Reihenfolge, welches der Wörter ""Ampel"" und ""Lied"" kommt zuerst? A:","['ampel', 'lied']",ampel,lied
"Welches von den Wörtern ""Drache"" und ""Kamm"", kommt alphabetisch zuerst? ","['drache', 'kamm']",drache,drache
"Welches von den Wörtern ""Hut"" und ""Erde"", kommt alphabetisch zuerst? ","['hut', 'erde']",erde,hut
"F: In alphabetischer Reihenfolge, welches der Wörter ""Kugel"" und ""Auto"" kommt zuerst? A:","['kugel', 'auto']",auto,auto
"Welches von den Wörtern ""Iglu"" und ""Erde"", kommt alphabetisch zuerst? ","['iglu', 'erde']",erde,erde
"F: In alphabetischer Reihenfolge, welches der Wörter ""Brille"" und ""Hammer"" kommt zuerst? A:","['brille', 'hammer']",brille,brille
"Welches von den Wörtern ""Fenster"" und ""Kiste"", kommt alphabetisch zuerst? ","['fenster', 'kiste']",fenster,fenster
"F: In alphabetischer Reihenfolge, welches Wort kommt zuerst, ""Creme"" oder ""Jacke""? A:","['creme', 'jacke']",creme,creme
"Welches von den Wörtern ""Fahrrad"" und ""Insel"", kommt alphabetisch zuerst? ","['fahrrad', 'insel']",fahrrad,fahrrad
"Welches von den Wörtern ""Gitarre"" und ""Erdbeere"", kommt alphabetisch zuerst? ","['gitarre', 'erdbeere']",erdbeere,erdbeere
"F: In alphabetischer Reihenfolge, welches Wort kommt zuerst, ""Dach"" oder ""Hafen""? A:","['dach', 'hafen']",dach,dach
"F: In alphabetischer Reihenfolge, welches der Wörter ""Blume"" und ""Insel"" kommt zuerst? A:","['blume', 'insel']",blume,blume
"F: In alphabetischer Reihenfolge, welches der Wörter ""Hose"" und ""Biene"" kommt zuerst? A:","['hose', 'biene']",biene,biene
"F: In alphabetischer Reihenfolge, welches der Wörter ""Ball"" und ""Heft"" kommt zuerst? A:","['ball', 'heft']",ball,ball
"F: In alphabetischer Reihenfolge, welches Wort kommt zuerst, ""Decke"" oder ""Lied""? A:","['decke', 'lied']",decke,decke
"F: In alphabetischer Reihenfolge, welches Wort kommt zuerst, ""Creme"" oder ""Ideal""? A:","['creme', 'ideal']",creme,creme
"F: In alphabetischer Reihenfolge, welches Wort kommt zuerst, ""Lied"" oder ""Drucker""? A:","['lied', 'drucker']",drucker,drucker
"Welches von den Wörtern ""Juwel"" und ""Dattel"", kommt alphabetisch zuerst? ","['juwel', 'dattel']",dattel,dattel
"F: In alphabetischer Reihenfolge, welches der Wörter ""Atlas"" und ""Kuh"" kommt zuerst? A:","['atlas', 'kuh']",atlas,atlas
"F: In alphabetischer Reihenfolge, welches der Wörter ""Hose"" und ""Buch"" kommt zuerst? A:","['hose', 'buch']",buch,buch
"F: In alphabetischer Reihenfolge, welches Wort kommt zuerst, ""Dose"" oder ""Kugel""? A:","['dose', 'kugel']",dose,dose
"F: In alphabetischer Reihenfolge, welches Wort kommt zuerst, ""Herz"" oder ""Decke""? A:","['herz', 'decke']",decke,decke
"F: In alphabetischer Reihenfolge, welches der Wörter ""Hammer"" und ""Ampel"" kommt zuerst? A:","['hammer', 'ampel']",ampel,hammer
"F: In alphabetischer Reihenfolge, welches Wort kommt zuerst, ""Decke"" oder ""Intelligenz""? A:","['decke', 'intelligenz']",decke,decke
"F: In alphabetischer Reihenfolge, welches Wort kommt zuerst, ""Chili"" oder ""Heft""? A:","['chili', 'heft']",chili,chili
"F: In alphabetischer Reihenfolge, welches Wort kommt zuerst, ""Chor"" oder ""Inhalt""? A:","['chor', 'inhalt']",chor,chor
"F: In alphabetischer Reihenfolge, welches der Wörter ""Gitarre"" und ""Ampel"" kommt zuerst? A:","['gitarre', 'ampel']",ampel,gitarre
"F: In alphabetischer Reihenfolge, welches Wort kommt zuerst, ""Gurke"" oder ""Chip""? A:","['gurke', 'chip']",chip,chip
"F: In alphabetischer Reihenfolge, welches der Wörter ""Karte"" und ""Birne"" kommt zuerst? A:","['karte', 'birne']",birne,birne
"Welches von den Wörtern ""Jacke"" und ""Dame"", kommt alphabetisch zuerst? ","['jacke', 'dame']",dame,dame
"F: In alphabetischer Reihenfolge, welches der Wörter ""Brett"" und ""Holz"" kommt zuerst? A:","['brett', 'holz']",brett,brett
"F: In alphabetischer Reihenfolge, welches der Wörter ""Ball"" und ""Hammer"" kommt zuerst? A:","['ball', 'hammer']",ball,ball
"F: In alphabetischer Reihenfolge, welches der Wörter ""Juwel"" und ""Auto"" kommt zuerst? A:","['juwel', 'auto']",auto,auto
"Welches von den Wörtern ""Joystick"" und ""Erdbeere"", kommt alphabetisch zuerst? ","['joystick', 'erdbeere']",erdbeere,erdbeere
"F: In alphabetischer Reihenfolge, welches Wort kommt zuerst, ""Jury"" oder ""Dose""? A:","['jury', 'dose']",dose,jury
"F: In alphabetischer Reihenfolge, welches der Wörter ""Inhalt"" und ""Brett"" kommt zuerst? A:","['inhalt', 'brett']",brett,brett
"F: In alphabetischer Reihenfolge, welches der Wörter ""Leiter"" und ""Buch"" kommt zuerst? A:","['leiter', 'buch']",buch,buch
"F: In alphabetischer Reihenfolge, welches Wort kommt zuerst, ""Iglu"" oder ""Chef""? A:","['iglu', 'chef']",chef,chef
"Welches von den Wörtern ""Kiste"" und ""Ente"", kommt alphabetisch zuerst? ","['kiste', 'ente']",ente,ente
"F: In alphabetischer Reihenfolge, welches Wort kommt zuerst, ""Dose"" oder ""Kaffee""? A:","['dose', 'kaffee']",dose,dose
"F: In alphabetischer Reihenfolge, welches Wort kommt zuerst, ""Gurke"" oder ""Chef""? A:","['gurke', 'chef']",chef,chef
"F: In alphabetischer Reihenfolge, welches Wort kommt zuerst, ""Indigo"" oder ""Chor""? A:","['indigo', 'chor']",chor,chor
"Welches von den Wörtern ""Dezember"" und ""Gans"", kommt alphabetisch zuerst? ","['dezember', 'gans']",dezember,dezember
"F: In alphabetischer Reihenfolge, welches Wort kommt zuerst, ""Jasmin"" oder ""Café""? A:","['jasmin', 'café']",café,café
"F: In alphabetischer Reihenfolge, welches der Wörter ""Iris"" und ""Buch"" kommt zuerst? A:","['iris', 'buch']",buch,buch
"F: In alphabetischer Reihenfolge, welches der Wörter ""Buch"" und ""Gold"" kommt zuerst? A:","['buch', 'gold']",buch,buch
"F: In alphabetischer Reihenfolge, welches der Wörter ""Burg"" und ""Haus"" kommt zuerst? A:","['burg', 'haus']",burg,burg
"Welches von den Wörtern ""Feuer"" und ""Input"", kommt alphabetisch zuerst? ","['feuer', 'input']",feuer,feuer
"F: In alphabetischer Reihenfolge, welches der Wörter ""Brille"" und ""Keks"" kommt zuerst? A:","['brille', 'keks']",brille,brille
"Welches von den Wörtern ""Indigo"" und ""Feuer"", kommt alphabetisch zuerst? ","['indigo', 'feuer']",feuer,feuer
"F: In alphabetischer Reihenfolge, welches Wort kommt zuerst, ""Index"" oder ""Café""? A:","['index', 'café']",café,café
"Welches von den Wörtern ""Echo"" und ""Intelligenz"", kommt alphabetisch zuerst? ","['echo', 'intelligenz']",echo,echo
"Welches von den Wörtern ""Kiste"" und ""Eule"", kommt alphabetisch zuerst? ","['kiste', 'eule']",eule,eule
"F: In alphabetischer Reihenfolge, welches Wort kommt zuerst, ""Café"" oder ""Hemd""? A:","['café', 'hemd']",café,café
"F: In alphabetischer Reihenfolge, welches der Wörter ""Alge"" und ""Haus"" kommt zuerst? A:","['alge', 'haus']",alge,alge
"Welches von den Wörtern ""Heft"" und ""Echo"", kommt alphabetisch zuerst? ","['heft', 'echo']",echo,heft
"F: In alphabetischer Reihenfolge, welches der Wörter ""Joystick"" und ""Ball"" kommt zuerst? A:","['joystick', 'ball']",ball,ball
"Welches von den Wörtern ""Kerze"" und ""Dame"", kommt alphabetisch zuerst? ","['kerze', 'dame']",dame,dame
"F: In alphabetischer Reihenfolge, welches Wort kommt zuerst, ""Chip"" oder ""Iglu""? A:","['chip', 'iglu']",chip,chip
"F: In alphabetischer Reihenfolge, welches der Wörter ""Jaguar"" und ""Auto"" kommt zuerst? A:","['jaguar', 'auto']",auto,jaguar
"F: In alphabetischer Reihenfolge, welches Wort kommt zuerst, ""Café"" oder ""Iris""? A:","['café', 'iris']",café,café
"F: In alphabetischer Reihenfolge, welches der Wörter ""Hemd"" und ""Anker"" kommt zuerst? A:","['hemd', 'anker']",anker,anker
"F: In alphabetischer Reihenfolge, welches der Wörter ""Hafen"" und ""Ast"" kommt zuerst? A:","['hafen', 'ast']",ast,hafen
"F: In alphabetischer Reihenfolge, welches Wort kommt zuerst, ""Herz"" oder ""Creme""? A:","['herz', 'creme']",creme,creme
"F: In alphabetischer Reihenfolge, welches Wort kommt zuerst, ""Computer"" oder ""Haus""? A:","['computer', 'haus']",computer,computer
"F: In alphabetischer Reihenfolge, welches der Wörter ""Gitarre"" und ""Alge"" kommt zuerst? A:","['gitarre', 'alge']",alge,alge
"F: In alphabetischer Reihenfolge, welches Wort kommt zuerst, ""Jaguar"" oder ""Café""? A:","['jaguar', 'café']",café,café
"F: In alphabetischer Reihenfolge, welches der Wörter ""Ideal"" und ""Atlas"" kommt zuerst? A:","['ideal', 'atlas']",atlas,atlas
"F: In alphabetischer Reihenfolge, welches der Wörter ""Ameise"" und ""Lied"" kommt zuerst? A:","['ameise', 'lied']",ameise,ameise
"Welches von den Wörtern ""Dezember"" und ""Indigo"", kommt alphabetisch zuerst? ","['dezember', 'indigo']",dezember,dezember
"F: In alphabetischer Reihenfolge, welches Wort kommt zuerst, ""Kiste"" oder ""Clown""? A:","['kiste', 'clown']",clown,clown
"F: In alphabetischer Reihenfolge, welches Wort kommt zuerst, ""Brücke"" oder ""Journal""? A:","['brücke', 'journal']",brücke,brücke
"F: In alphabetischer Reihenfolge, welches der Wörter ""Biene"" und ""Kissen"" kommt zuerst? A:","['biene', 'kissen']",biene,biene
"F: In alphabetischer Reihenfolge, welches der Wörter ""Jacke"" und ""Brett"" kommt zuerst? A:","['jacke', 'brett']",brett,brett
"F: In alphabetischer Reihenfolge, welches der Wörter ""Ball"" und ""Jasmin"" kommt zuerst? A:","['ball', 'jasmin']",ball,ball
"F: In alphabetischer Reihenfolge, welches der Wörter ""Atlas"" und ""Lager"" kommt zuerst? A:","['atlas', 'lager']",atlas,atlas
"F: In alphabetischer Reihenfolge, welches der Wörter ""Ast"" und ""Keks"" kommt zuerst? A:","['ast', 'keks']",ast,ast
"F: In alphabetischer Reihenfolge, welches der Wörter ""Abend"" und ""Kamm"" kommt zuerst? A:","['abend', 'kamm']",abend,abend
"Welches von den Wörtern ""Garten"" und ""Elch"", kommt alphabetisch zuerst? ","['garten', 'elch']",elch,garten
"F: In alphabetischer Reihenfolge, welches der Wörter ""Atlas"" und ""Gabel"" kommt zuerst? A:","['atlas', 'gabel']",atlas,atlas
"Welches von den Wörtern ""Fenster"" und ""Gitarre"", kommt alphabetisch zuerst? ","['fenster', 'gitarre']",fenster,fenster
"F: In alphabetischer Reihenfolge, welches Wort kommt zuerst, ""Chef"" oder ""Jasmin""? A:","['chef', 'jasmin']",chef,jasmin
"F: In alphabetischer Reihenfolge, welches Wort kommt zuerst, ""Chili"" oder ""Insel""? A:","['chili', 'insel']",chili,chili
"F: In alphabetischer Reihenfolge, welches Wort kommt zuerst, ""Garten"" oder ""Chili""? A:","['garten', 'chili']",chili,chili
"F: In alphabetischer Reihenfolge, welches Wort kommt zuerst, ""Gummi"" oder ""Clown""? A:","['gummi', 'clown']",clown,clown
"F: In alphabetischer Reihenfolge, welches Wort kommt zuerst, ""Hose"" oder ""Dialog""? A:","['hose', 'dialog']",dialog,dialog
"Welches von den Wörtern ""Ente"" und ""Küche"", kommt alphabetisch zuerst? ","['ente', 'küche']",ente,ente
"F: In alphabetischer Reihenfolge, welches der Wörter ""Lampe"" und ""Brett"" kommt zuerst? A:","['lampe', 'brett']",brett,brett
"F: In alphabetischer Reihenfolge, welches der Wörter ""Ideal"" und ""Alge"" kommt zuerst? A:","['ideal', 'alge']",alge,ideal
"F: In alphabetischer Reihenfolge, welches Wort kommt zuerst, ""Insel"" oder ""Decke""? A:","['insel', 'decke']",decke,decke
"Welches von den Wörtern ""Dame"" und ""Iris"", kommt alphabetisch zuerst? ","['dame', 'iris']",dame,dame
"F: In alphabetischer Reihenfolge, welches Wort kommt zuerst, ""Hafen"" oder ""Chor""? A:","['hafen', 'chor']",chor,chor
"Welches von den Wörtern ""Ente"" und ""Gitarre"", kommt alphabetisch zuerst? ","['ente', 'gitarre']",ente,ente
"F: In alphabetischer Reihenfolge, welches der Wörter ""Jury"" und ""Apotheke"" kommt zuerst? A:","['jury', 'apotheke']",apotheke,apotheke
"Welches von den Wörtern ""Drache"" und ""Kissen"", kommt alphabetisch zuerst? ","['drache', 'kissen']",drache,drache
"Welches von den Wörtern ""Jasmin"" und ""Fuchs"", kommt alphabetisch zuerst? ","['jasmin', 'fuchs']",fuchs,fuchs
"F: In alphabetischer Reihenfolge, welches der Wörter ""Index"" und ""Apfel"" kommt zuerst? A:","['index', 'apfel']",apfel,apfel
"Welches von den Wörtern ""Elch"" und ""Input"", kommt alphabetisch zuerst? ","['elch', 'input']",elch,elch
"Welches von den Wörtern ""Lied"" und ""Fenster"", kommt alphabetisch zuerst? ","['lied', 'fenster']",fenster,fenster
"F: In alphabetischer Reihenfolge, welches Wort kommt zuerst, ""Brücke"" oder ""Gabel""? A:","['brücke', 'gabel']",brücke,brücke
"Welches von den Wörtern ""Inhalt"" und ""Fuchs"", kommt alphabetisch zuerst? ","['inhalt', 'fuchs']",fuchs,fuchs
"F: In alphabetischer Reihenfolge, welches Wort kommt zuerst, ""Computer"" oder ""Karte""? A:","['computer', 'karte']",computer,computer
"F: In alphabetischer Reihenfolge, welches Wort kommt zuerst, ""Glas"" oder ""Chor""? A:","['glas', 'chor']",chor,chor
"F: In alphabetischer Reihenfolge, welches der Wörter ""Ameise"" und ""Hügel"" kommt zuerst? A:","['ameise', 'hügel']",ameise,hügel
"F: In alphabetischer Reihenfolge, welches Wort kommt zuerst, ""Couch"" oder ""Juwel""? A:","['couch', 'juwel']",couch,couch
"F: In alphabetischer Reihenfolge, welches der Wörter ""Ameise"" und ""Iglu"" kommt zuerst? A:","['ameise', 'iglu']",ameise,ameise
"F: In alphabetischer Reihenfolge, welches der Wörter ""Journal"" und ""Atlas"" kommt zuerst? A:","['journal', 'atlas']",atlas,atlas
"F: In alphabetischer Reihenfolge, welches der Wörter ""Gans"" und ""Ameise"" kommt zuerst? A:","['gans', 'ameise']",ameise,ameise
"F: In alphabetischer Reihenfolge, welches Wort kommt zuerst, ""Computer"" oder ""Gabel""? A:","['computer', 'gabel']",computer,computer
"F: In alphabetischer Reihenfolge, welches der Wörter ""Insel"" und ""Abend"" kommt zuerst? A:","['insel', 'abend']",abend,abend
"F: In alphabetischer Reihenfolge, welches der Wörter ""Kugel"" und ""Apfel"" kommt zuerst? A:","['kugel', 'apfel']",apfel,apfel
"F: In alphabetischer Reihenfolge, welches der Wörter ""Jeans"" und ""Ampel"" kommt zuerst? A:","['jeans', 'ampel']",ampel,jeans
"F: In alphabetischer Reihenfolge, welches Wort kommt zuerst, ""Gabel"" oder ""Creme""? A:","['gabel', 'creme']",creme,creme
"F: In alphabetischer Reihenfolge, welches Wort kommt zuerst, ""Dose"" oder ""Journal""? A:","['dose', 'journal']",dose,dose
"F: In alphabetischer Reihenfolge, welches der Wörter ""Blume"" und ""Kamm"" kommt zuerst? A:","['blume', 'kamm']",blume,blume
"F: In alphabetischer Reihenfolge, welches der Wörter ""Brett"" und ""Iglu"" kommt zuerst? A:","['brett', 'iglu']",brett,brett
"F: In alphabetischer Reihenfolge, welches der Wörter ""Auto"" und ""Glocke"" kommt zuerst? A:","['auto', 'glocke']",auto,auto
"Welches von den Wörtern ""Jaguar"" und ""Eis"", kommt alphabetisch zuerst? ","['jaguar', 'eis']",eis,jaguar
"F: In alphabetischer Reihenfolge, welches der Wörter ""Joghurt"" und ""Blume"" kommt zuerst? A:","['joghurt', 'blume']",blume,blume
"Welches von den Wörtern ""Lager"" und ""Dattel"", kommt alphabetisch zuerst? ","['lager', 'dattel']",dattel,dattel
"Welches von den Wörtern ""Jacke"" und ""Dattel"", kommt alphabetisch zuerst? ","['jacke', 'dattel']",dattel,jacke
"F: In alphabetischer Reihenfolge, welches der Wörter ""Jasmin"" und ""Anker"" kommt zuerst? A:","['jasmin', 'anker']",anker,anker
"Welches von den Wörtern ""Echo"" und ""Gold"", kommt alphabetisch zuerst? ","['echo', 'gold']",echo,echo
"Welches von den Wörtern ""Eule"" und ""Gitter"", kommt alphabetisch zuerst? ","['eule', 'gitter']",eule,eule
"Welches von den Wörtern ""Eis"" und ""Iris"", kommt alphabetisch zuerst? ","['eis', 'iris']",eis,eis
"Welches von den Wörtern ""Iglu"" und ""Fuchs"", kommt alphabetisch zuerst? ","['iglu', 'fuchs']",fuchs,fuchs
"F: In alphabetischer Reihenfolge, welches Wort kommt zuerst, ""Gurke"" oder ""Chili""? A:","['gurke', 'chili']",chili,chili
"F: In alphabetischer Reihenfolge, welches Wort kommt zuerst, ""Löffel"" oder ""Besen""? A:","['löffel', 'besen']",besen,besen
"Welches von den Wörtern ""Joghurt"" und ""Eis"", kommt alphabetisch zuerst? ","['joghurt', 'eis']",eis,joghurt
"F: In alphabetischer Reihenfolge, welches der Wörter ""Joystick"" und ""Alge"" kommt zuerst? A:","['joystick', 'alge']",alge,alge
"F: In alphabetischer Reihenfolge, welches Wort kommt zuerst, ""Jacke"" oder ""Dose""? A:","['jacke', 'dose']",dose,dose
"Welches von den Wörtern ""Esel"" und ""Küche"", kommt alphabetisch zuerst? ","['esel', 'küche']",esel,esel
"Welches von den Wörtern ""Erdbeere"" und ""Inhalt"", kommt alphabetisch zuerst? ","['erdbeere', 'inhalt']",erdbeere,erdbeere
"Welches von den Wörtern ""Igel"" und ""Eis"", kommt alphabetisch zuerst? ","['igel', 'eis']",eis,eis
"Welches von den Wörtern ""Dezember"" und ""Iris"", kommt alphabetisch zuerst? ","['dezember', 'iris']",dezember,dezember
"Welches von den Wörtern ""Leiter"" und ""Erdbeere"", kommt alphabetisch zuerst? ","['leiter', 'erdbeere']",erdbeere,erdbeere
"F: In alphabetischer Reihenfolge, welches der Wörter ""Indigo"" und ""Alge"" kommt zuerst? A:","['indigo', 'alge']",alge,alge
"Welches von den Wörtern ""Hammer"" und ""Fenster"", kommt alphabetisch zuerst? ","['hammer', 'fenster']",fenster,fenster
"F: In alphabetischer Reihenfolge, welches der Wörter ""Brille"" und ""Gurke"" kommt zuerst? A:","['brille', 'gurke']",brille,brille
"F: In alphabetischer Reihenfolge, welches Wort kommt zuerst, ""Kaffee"" oder ""Decke""? A:","['kaffee', 'decke']",decke,decke
"Welches von den Wörtern ""Fenster"" und ""Hose"", kommt alphabetisch zuerst? ","['fenster', 'hose']",fenster,fenster
"Welches von den Wörtern ""Hügel"" und ""Feuer"", kommt alphabetisch zuerst? ","['hügel', 'feuer']",feuer,feuer
"F: In alphabetischer Reihenfolge, welches Wort kommt zuerst, ""Intelligenz"" oder ""Dach""? A:","['intelligenz', 'dach']",dach,dach
"F: In alphabetischer Reihenfolge, welches der Wörter ""Brille"" und ""Joystick"" kommt zuerst? A:","['brille', 'joystick']",brille,brille
"F: In alphabetischer Reihenfolge, welches der Wörter ""Joghurt"" und ""Ast"" kommt zuerst? A:","['joghurt', 'ast']",ast,ast
"Welches von den Wörtern ""Eimer"" und ""Heft"", kommt alphabetisch zuerst? ","['eimer', 'heft']",eimer,eimer
"F: In alphabetischer Reihenfolge, welches der Wörter ""Atlas"" und ""Kamm"" kommt zuerst? A:","['atlas', 'kamm']",atlas,atlas
"Welches von den Wörtern ""Küche"" und ""Erde"", kommt alphabetisch zuerst? ","['küche', 'erde']",erde,küche
"F: In alphabetischer Reihenfolge, welches Wort kommt zuerst, ""Dose"" oder ""Joystick""? A:","['dose', 'joystick']",dose,dose
"F: In alphabetischer Reihenfolge, welches der Wörter ""Birne"" und ""Gans"" kommt zuerst? A:","['birne', 'gans']",birne,birne
"F: In alphabetischer Reihenfolge, welches der Wörter ""Hose"" und ""Burg"" kommt zuerst? A:","['hose', 'burg']",burg,burg
"Welches von den Wörtern ""Fahrrad"" und ""Gurke"", kommt alphabetisch zuerst? ","['fahrrad', 'gurke']",fahrrad,fahrrad
"F: In alphabetischer Reihenfolge, welches der Wörter ""Anker"" und ""Gitarre"" kommt zuerst? A:","['anker', 'gitarre']",anker,anker
"F: In alphabetischer Reihenfolge, welches Wort kommt zuerst, ""Kamm"" oder ""Dach""? A:","['kamm', 'dach']",dach,dach
"Welches von den Wörtern ""Karte"" und ""Erdbeere"", kommt alphabetisch zuerst? ","['karte', 'erdbeere']",erdbeere,erdbeere
"F: In alphabetischer Reihenfolge, welches Wort kommt zuerst, ""Besen"" oder ""Karte""? A:","['besen', 'karte']",besen,besen
"Welches von den Wörtern ""Gans"" und ""Echo"", kommt alphabetisch zuerst? ","['gans', 'echo']",echo,echo
"F: In alphabetischer Reihenfolge, welches der Wörter ""Leiter"" und ""Brett"" kommt zuerst? A:","['leiter', 'brett']",brett,brett
"Welches von den Wörtern ""Ideal"" und ""Eiche"", kommt alphabetisch zuerst? ","['ideal', 'eiche']",eiche,eiche
"F: In alphabetischer Reihenfolge, welches der Wörter ""Ameise"" und ""Gummi"" kommt zuerst? A:","['ameise', 'gummi']",ameise,gummi
"F: In alphabetischer Reihenfolge, welches der Wörter ""Hammer"" und ""Buch"" kommt zuerst? A:","['hammer', 'buch']",buch,buch
"F: In alphabetischer Reihenfolge, welches Wort kommt zuerst, ""Dialog"" oder ""Journal""? A:","['dialog', 'journal']",dialog,dialog
"F: In alphabetischer Reihenfolge, welches der Wörter ""Kiste"" und ""Ball"" kommt zuerst? A:","['kiste', 'ball']",ball,ball
"Welches von den Wörtern ""Kuh"" und ""Echo"", kommt alphabetisch zuerst? ","['kuh', 'echo']",echo,echo
"F: In alphabetischer Reihenfolge, welches der Wörter ""Burg"" und ""Iglu"" kommt zuerst? A:","['burg', 'iglu']",burg,burg
"F: In alphabetischer Reihenfolge, welches der Wörter ""Jeans"" und ""Ast"" kommt zuerst? A:","['jeans', 'ast']",ast,ast
"F: In alphabetischer Reihenfolge, welches Wort kommt zuerst, ""Jaguar"" oder ""Computer""? A:","['jaguar', 'computer']",computer,jaguar
"F: In alphabetischer Reihenfolge, welches Wort kommt zuerst, ""Chip"" oder ""Herz""? A:","['chip', 'herz']",chip,chip
"F: In alphabetischer Reihenfolge, welches der Wörter ""Anker"" und ""Leiter"" kommt zuerst? A:","['anker', 'leiter']",anker,anker
"F: In alphabetischer Reihenfolge, welches der Wörter ""Brett"" und ""Karte"" kommt zuerst? A:","['brett', 'karte']",brett,brett
"F: In alphabetischer Reihenfolge, welches Wort kommt zuerst, ""Juwel"" oder ""Dose""? A:","['juwel', 'dose']",dose,dose
"F: In alphabetischer Reihenfolge, welches der Wörter ""Brille"" und ""Iris"" kommt zuerst? A:","['brille', 'iris']",brille,brille
"F: In alphabetischer Reihenfolge, welches der Wörter ""Burg"" und ""Holz"" kommt zuerst? A:","['burg', 'holz']",burg,burg
"F: In alphabetischer Reihenfolge, welches Wort kommt zuerst, ""Ideal"" oder ""Chip""? A:","['ideal', 'chip']",chip,chip
"Welches von den Wörtern ""Index"" und ""Feuer"", kommt alphabetisch zuerst? ","['index', 'feuer']",feuer,feuer
"Welches von den Wörtern ""Gans"" und ""Esel"", kommt alphabetisch zuerst? ","['gans', 'esel']",esel,esel
"F: In alphabetischer Reihenfolge, welches Wort kommt zuerst, ""Kiste"" oder ""Dach""? A:","['kiste', 'dach']",dach,dach
"Welches von den Wörtern ""Eule"" und ""Gummi"", kommt alphabetisch zuerst? ","['eule', 'gummi']",eule,eule
"Welches von den Wörtern ""Löffel"" und ""Drache"", kommt alphabetisch zuerst? ","['löffel', 'drache']",drache,drache
"F: In alphabetischer Reihenfolge, welches Wort kommt zuerst, ""Couch"" oder ""Garten""? A:","['couch', 'garten']",couch,couch
"F: In alphabetischer Reihenfolge, welches Wort kommt zuerst, ""Inhalt"" oder ""Clown""? A:","['inhalt', 'clown']",clown,clown
"Welches von den Wörtern ""Fuchs"" und ""Hammer"", kommt alphabetisch zuerst? ","['fuchs', 'hammer']",fuchs,fuchs
"F: In alphabetischer Reihenfolge, welches der Wörter ""Ameise"" und ""Glas"" kommt zuerst? A:","['ameise', 'glas']",ameise,glas
"Welches von den Wörtern ""Hut"" und ""Erdbeere"", kommt alphabetisch zuerst? ","['hut', 'erdbeere']",erdbeere,erdbeere
"F: In alphabetischer Reihenfolge, welches Wort kommt zuerst, ""Chaos"" oder ""Jasmin""? A:","['chaos', 'jasmin']",chaos,chaos
"Welches von den Wörtern ""Herz"" und ""Fisch"", kommt alphabetisch zuerst? ","['herz', 'fisch']",fisch,fisch
"F: In alphabetischer Reihenfolge, welches Wort kommt zuerst, ""Iglu"" oder ""Computer""? A:","['iglu', 'computer']",computer,computer
"F: In alphabetischer Reihenfolge, welches Wort kommt zuerst, ""Chili"" oder ""Hügel""? A:","['chili', 'hügel']",chili,chili
"Welches von den Wörtern ""Eimer"" und ""Juwel"", kommt alphabetisch zuerst? ","['eimer', 'juwel']",eimer,eimer
"F: In alphabetischer Reihenfolge, welches Wort kommt zuerst, ""Dose"" oder ""Joghurt""? A:","['dose', 'joghurt']",dose,dose
"F: In alphabetischer Reihenfolge, welches der Wörter ""Apotheke"" und ""Jasmin"" kommt zuerst? A:","['apotheke', 'jasmin']",apotheke,apotheke
"Welches von den Wörtern ""Insel"" und ""Ente"", kommt alphabetisch zuerst? ","['insel', 'ente']",ente,ente
"F: In alphabetischer Reihenfolge, welches der Wörter ""Brille"" und ""Kiste"" kommt zuerst? A:","['brille', 'kiste']",brille,brille
"F: In alphabetischer Reihenfolge, welches Wort kommt zuerst, ""Clown"" oder ""Jasmin""? A:","['clown', 'jasmin']",clown,clown
"F: In alphabetischer Reihenfolge, welches der Wörter ""Apotheke"" und ""Igel"" kommt zuerst? A:","['apotheke', 'igel']",apotheke,apotheke
"Welches von den Wörtern ""Erdbeere"" und ""Index"", kommt alphabetisch zuerst? ","['erdbeere', 'index']",erdbeere,erdbeere
"Welches von den Wörtern ""Intelligenz"" und ""Elch"", kommt alphabetisch zuerst? ","['intelligenz', 'elch']",elch,elch
"F: In alphabetischer Reihenfolge, welches der Wörter ""Burg"" und ""Kissen"" kommt zuerst? A:","['burg', 'kissen']",burg,burg
"F: In alphabetischer Reihenfolge, welches Wort kommt zuerst, ""Drucker"" oder ""Jeans""? A:","['drucker', 'jeans']",drucker,drucker
"Welches von den Wörtern ""Erdbeere"" und ""Gans"", kommt alphabetisch zuerst? ","['erdbeere', 'gans']",erdbeere,erdbeere
"F: In alphabetischer Reihenfolge, welches der Wörter ""Ast"" und ""Glas"" kommt zuerst? A:","['ast', 'glas']",ast,ast
"F: In alphabetischer Reihenfolge, welches Wort kommt zuerst, ""Chip"" oder ""Joghurt""? A:","['chip', 'joghurt']",chip,chip
"F: In alphabetischer Reihenfolge, welches der Wörter ""Ameise"" und ""Kamm"" kommt zuerst? A:","['ameise', 'kamm']",ameise,kamm
"Welches von den Wörtern ""Lampe"" und ""Eis"", kommt alphabetisch zuerst? ","['lampe', 'eis']",eis,eis
"F: In alphabetischer Reihenfolge, welches der Wörter ""Löffel"" und ""Buch"" kommt zuerst? A:","['löffel', 'buch']",buch,buch
"F: In alphabetischer Reihenfolge, welches der Wörter ""Glocke"" und ""Anker"" kommt zuerst? A:","['glocke', 'anker']",anker,anker
"F: In alphabetischer Reihenfolge, welches der Wörter ""Apotheke"" und ""Journal"" kommt zuerst? A:","['apotheke', 'journal']",apotheke,apotheke
"F: In alphabetischer Reihenfolge, welches der Wörter ""Jacke"" und ""Buch"" kommt zuerst? A:","['jacke', 'buch']",buch,buch
"Welches von den Wörtern ""Lampe"" und ""Fahrrad"", kommt alphabetisch zuerst? ","['lampe', 'fahrrad']",fahrrad,fahrrad
"Welches von den Wörtern ""Joghurt"" und ""Dame"", kommt alphabetisch zuerst? ","['joghurt', 'dame']",dame,dame
"Welches von den Wörtern ""Jaguar"" und ""Drache"", kommt alphabetisch zuerst? ","['jaguar', 'drache']",drache,drache
"F: In alphabetischer Reihenfolge, welches der Wörter ""Juwel"" und ""Brille"" kommt zuerst? A:","['juwel', 'brille']",brille,brille
"F: In alphabetischer Reihenfolge, welches der Wörter ""Atlas"" und ""Iris"" kommt zuerst? A:","['atlas', 'iris']",atlas,atlas
"F: In alphabetischer Reihenfolge, welches Wort kommt zuerst, ""Lampe"" oder ""Dach""? A:","['lampe', 'dach']",dach,dach
"F: In alphabetischer Reihenfolge, welches Wort kommt zuerst, ""Chip"" oder ""Hügel""? A:","['chip', 'hügel']",chip,chip
"F: In alphabetischer Reihenfolge, welches der Wörter ""Blume"" und ""Hügel"" kommt zuerst? A:","['blume', 'hügel']",blume,blume
"F: In alphabetischer Reihenfolge, welches Wort kommt zuerst, ""Lager"" oder ""Chili""? A:","['lager', 'chili']",chili,chili
"Welches von den Wörtern ""Erdbeere"" und ""Kiste"", kommt alphabetisch zuerst? ","['erdbeere', 'kiste']",erdbeere,erdbeere
"F: In alphabetischer Reihenfolge, welches der Wörter ""Blume"" und ""Jacke"" kommt zuerst? A:","['blume', 'jacke']",blume,blume
"F: In alphabetischer Reihenfolge, welches der Wörter ""Apfel"" und ""Glocke"" kommt zuerst? A:","['apfel', 'glocke']",apfel,apfel
"Welches von den Wörtern ""Fuchs"" und ""Glocke"", kommt alphabetisch zuerst? ","['fuchs', 'glocke']",fuchs,fuchs
"F: In alphabetischer Reihenfolge, welches Wort kommt zuerst, ""Chef"" oder ""Keks""? A:","['chef', 'keks']",chef,chef
"Welches von den Wörtern ""Joghurt"" und ""Eimer"", kommt alphabetisch zuerst? ","['joghurt', 'eimer']",eimer,joghurt
"F: In alphabetischer Reihenfolge, welches der Wörter ""Junge"" und ""Atlas"" kommt zuerst? A:","['junge', 'atlas']",atlas,atlas
"F: In alphabetischer Reihenfolge, welches der Wörter ""Haus"" und ""Blume"" kommt zuerst? A:","['haus', 'blume']",blume,blume
"F: In alphabetischer Reihenfolge, welches der Wörter ""Ball"" und ""Kaffee"" kommt zuerst? A:","['ball', 'kaffee']",ball,ball
"F: In alphabetischer Reihenfolge, welches Wort kommt zuerst, ""Brücke"" oder ""Kissen""? A:","['brücke', 'kissen']",brücke,brücke
"F: In alphabetischer Reihenfolge, welches der Wörter ""Ameise"" und ""Juwel"" kommt zuerst? A:","['ameise', 'juwel']",ameise,juwel
"F: In alphabetischer Reihenfolge, welches der Wörter ""Auto"" und ""Gummi"" kommt zuerst? A:","['auto', 'gummi']",auto,auto
"F: In alphabetischer Reihenfolge, welches der Wörter ""Anker"" und ""Hut"" kommt zuerst? A:","['anker', 'hut']",anker,anker
"Welches von den Wörtern ""Erde"" und ""Journal"", kommt alphabetisch zuerst? ","['erde', 'journal']",erde,erde
"Welches von den Wörtern ""Gitarre"" und ""Fuchs"", kommt alphabetisch zuerst? ","['gitarre', 'fuchs']",fuchs,fuchs
"F: In alphabetischer Reihenfolge, welches der Wörter ""Ampel"" und ""Kerze"" kommt zuerst? A:","['ampel', 'kerze']",ampel,kerze
"F: In alphabetischer Reihenfolge, welches Wort kommt zuerst, ""Kuh"" oder ""Café""? A:","['kuh', 'café']",café,café
"Welches von den Wörtern ""Joystick"" und ""Eiche"", kommt alphabetisch zuerst? ","['joystick', 'eiche']",eiche,eiche
"F: In alphabetischer Reihenfolge, welches Wort kommt zuerst, ""Hut"" oder ""Chip""? A:","['hut', 'chip']",chip,chip
"F: In alphabetischer Reihenfolge, welches der Wörter ""Blume"" und ""Herz"" kommt zuerst? A:","['blume', 'herz']",blume,blume
"F: In alphabetischer Reihenfolge, welches Wort kommt zuerst, ""Drucker"" oder ""Kamm""? A:","['drucker', 'kamm']",drucker,drucker
"Welches von den Wörtern ""Fisch"" und ""Jacke"", kommt alphabetisch zuerst? ","['fisch', 'jacke']",fisch,fisch
"Welches von den Wörtern ""Fuchs"" und ""Glas"", kommt alphabetisch zuerst? ","['fuchs', 'glas']",fuchs,glas
"Welches von den Wörtern ""Eule"" und ""Gabel"", kommt alphabetisch zuerst? ","['eule', 'gabel']",eule,eule
"F: In alphabetischer Reihenfolge, welches Wort kommt zuerst, ""Computer"" oder ""Indigo""? A:","['computer', 'indigo']",computer,computer
"F: In alphabetischer Reihenfolge, welches Wort kommt zuerst, ""Creme"" oder ""Lampe""? A:","['creme', 'lampe']",creme,creme
"F: In alphabetischer Reihenfolge, welches der Wörter ""Keks"" und ""Ampel"" kommt zuerst? A:","['keks', 'ampel']",ampel,keks
"Welches von den Wörtern ""Dattel"" und ""Leiter"", kommt alphabetisch zuerst? ","['dattel', 'leiter']",dattel,dattel
"F: In alphabetischer Reihenfolge, welches der Wörter ""Keks"" und ""Buch"" kommt zuerst? A:","['keks', 'buch']",buch,buch
"F: In alphabetischer Reihenfolge, welches Wort kommt zuerst, ""Dose"" oder ""Löffel""? A:","['dose', 'löffel']",dose,dose
"F: In alphabetischer Reihenfolge, welches Wort kommt zuerst, ""Creme"" oder ""Glas""? A:","['creme', 'glas']",creme,creme
